-- MySQL dump 10.13  Distrib 8.0.40, for Win64 (x86_64)
--
-- Host: localhost    Database: teamdia
-- ------------------------------------------------------
-- Server version	8.0.40

/*!40101 SET @OLD_CHARACTER_SET_CLIENT=@@CHARACTER_SET_CLIENT */;
/*!40101 SET @OLD_CHARACTER_SET_RESULTS=@@CHARACTER_SET_RESULTS */;
/*!40101 SET @OLD_COLLATION_CONNECTION=@@COLLATION_CONNECTION */;
/*!50503 SET NAMES utf8 */;
/*!40103 SET @OLD_TIME_ZONE=@@TIME_ZONE */;
/*!40103 SET TIME_ZONE='+00:00' */;
/*!40014 SET @OLD_UNIQUE_CHECKS=@@UNIQUE_CHECKS, UNIQUE_CHECKS=0 */;
/*!40014 SET @OLD_FOREIGN_KEY_CHECKS=@@FOREIGN_KEY_CHECKS, FOREIGN_KEY_CHECKS=0 */;
/*!40101 SET @OLD_SQL_MODE=@@SQL_MODE, SQL_MODE='NO_AUTO_VALUE_ON_ZERO' */;
/*!40111 SET @OLD_SQL_NOTES=@@SQL_NOTES, SQL_NOTES=0 */;

--
-- Table structure for table `admin`
--

DROP TABLE IF EXISTS `admin`;
/*!40101 SET @saved_cs_client     = @@character_set_client */;
/*!50503 SET character_set_client = utf8mb4 */;
CREATE TABLE `admin` (
  `adminid` varchar(50) NOT NULL,
  `adminname` varchar(50) NOT NULL,
  `adminphone` varchar(20) NOT NULL,
  `adminpwd` varchar(300) NOT NULL,
  `registerdate` timestamp NOT NULL DEFAULT CURRENT_TIMESTAMP,
  PRIMARY KEY (`adminid`)
) ENGINE=InnoDB DEFAULT CHARSET=utf8mb4 COLLATE=utf8mb4_0900_ai_ci;
/*!40101 SET character_set_client = @saved_cs_client */;

--
-- Dumping data for table `admin`
--

LOCK TABLES `admin` WRITE;
/*!40000 ALTER TABLE `admin` DISABLE KEYS */;
/*!40000 ALTER TABLE `admin` ENABLE KEYS */;
UNLOCK TABLES;

--
-- Table structure for table `cart`
--

DROP TABLE IF EXISTS `cart`;
/*!40101 SET @saved_cs_client     = @@character_set_client */;
/*!50503 SET character_set_client = utf8mb4 */;
CREATE TABLE `cart` (
  `cartseq` int NOT NULL AUTO_INCREMENT,
  `indate` datetime(6) NOT NULL,
  `quantity` int NOT NULL,
  `memberid` varchar(50) NOT NULL,
  `productseq` int NOT NULL,
  `product_option_id` int NOT NULL,
  PRIMARY KEY (`cartseq`),
  KEY `FK6e2lomi93ql9ulpm990k93mfa` (`memberid`),
  KEY `FKbic0kycjqq1gme43ji7flf1j0` (`productseq`),
  KEY `FK7jvqtulr14g8w30snu6ru78t8` (`product_option_id`),
  CONSTRAINT `FK6e2lomi93ql9ulpm990k93mfa` FOREIGN KEY (`memberid`) REFERENCES `member` (`memberid`),
  CONSTRAINT `FK7jvqtulr14g8w30snu6ru78t8` FOREIGN KEY (`product_option_id`) REFERENCES `product_option` (`id`),
  CONSTRAINT `FKbic0kycjqq1gme43ji7flf1j0` FOREIGN KEY (`productseq`) REFERENCES `product` (`productseq`),
  CONSTRAINT `FKbk7yasrkn3q27tjqr38bnmq8v` FOREIGN KEY (`product_option_id`) REFERENCES `product_option_mapping` (`id`)
) ENGINE=InnoDB AUTO_INCREMENT=95 DEFAULT CHARSET=utf8mb4 COLLATE=utf8mb4_0900_ai_ci;
/*!40101 SET character_set_client = @saved_cs_client */;

--
-- Dumping data for table `cart`
--

LOCK TABLES `cart` WRITE;
/*!40000 ALTER TABLE `cart` DISABLE KEYS */;
INSERT INTO `cart` VALUES (44,'2025-03-02 03:12:51.689225',1,'beloved1031',19,1),(55,'2025-03-02 20:05:14.978302',1,'yong',24,1),(84,'2025-03-03 16:43:07.510174',1,'bbb',19,1);
/*!40000 ALTER TABLE `cart` ENABLE KEYS */;
UNLOCK TABLES;

--
-- Table structure for table `categories`
--

DROP TABLE IF EXISTS `categories`;
/*!40101 SET @saved_cs_client     = @@character_set_client */;
/*!50503 SET character_set_client = utf8mb4 */;
CREATE TABLE `categories` (
  `category_id` int NOT NULL AUTO_INCREMENT,
  `category_name` varchar(100) NOT NULL,
  `parent_category_id` int DEFAULT NULL,
  PRIMARY KEY (`category_id`),
  KEY `FK9il7y6fehxwunjeepq0n7g5rd` (`parent_category_id`),
  CONSTRAINT `FK9il7y6fehxwunjeepq0n7g5rd` FOREIGN KEY (`parent_category_id`) REFERENCES `categories` (`category_id`) ON DELETE CASCADE ON UPDATE CASCADE
) ENGINE=InnoDB AUTO_INCREMENT=46 DEFAULT CHARSET=utf8mb4 COLLATE=utf8mb4_0900_ai_ci;
/*!40101 SET character_set_client = @saved_cs_client */;

--
-- Dumping data for table `categories`
--

LOCK TABLES `categories` WRITE;
/*!40000 ALTER TABLE `categories` DISABLE KEYS */;
INSERT INTO `categories` VALUES (1,'반지',NULL),(2,'목걸이',NULL),(3,'귀걸이',NULL),(4,'팔찌',NULL),(11,'커플링',1),(12,'심플',1),(13,'큐빅',1),(14,'골드',1),(15,'실버',1),(21,'일체형',2),(22,'메달형',2),(23,'펜던트',2),(24,'골드',2),(25,'실버',2),(31,'피어싱',3),(32,'원터치',3),(33,'롱',3),(34,'골드',3),(35,'실버',3),(41,'체인',4),(42,'가죽',4),(43,'큐빅',4),(44,'골드',4),(45,'실버',4);
/*!40000 ALTER TABLE `categories` ENABLE KEYS */;
UNLOCK TABLES;

--
-- Table structure for table `member`
--

DROP TABLE IF EXISTS `member`;
/*!40101 SET @saved_cs_client     = @@character_set_client */;
/*!50503 SET character_set_client = utf8mb4 */;
CREATE TABLE `member` (
  `memberid` varchar(50) NOT NULL,
  `birthdate_rewarded` bit(1) NOT NULL,
  `indate` datetime(6) NOT NULL,
  `memberaddress1` varchar(100) DEFAULT NULL,
  `memberaddress2` varchar(100) DEFAULT NULL,
  `memberaddress3` varchar(100) DEFAULT NULL,
  `memberbirthdate` date DEFAULT NULL,
  `memberemail` varchar(100) DEFAULT NULL,
  `membername` varchar(50) NOT NULL,
  `memberphone` varchar(50) DEFAULT NULL,
  `points` decimal(10,2) NOT NULL,
  `memberpwd` varchar(300) DEFAULT NULL,
  `provider` varchar(255) NOT NULL,
  `zip_num` varchar(20) DEFAULT NULL,
  PRIMARY KEY (`memberid`)
) ENGINE=InnoDB DEFAULT CHARSET=utf8mb4 COLLATE=utf8mb4_0900_ai_ci;
/*!40101 SET character_set_client = @saved_cs_client */;

--
-- Dumping data for table `member`
--

LOCK TABLES `member` WRITE;
/*!40000 ALTER TABLE `member` DISABLE KEYS */;
INSERT INTO `member` VALUES ('1e5nwer89tlr',_binary '','2013-06-21 00:00:00.000000',NULL,NULL,NULL,'1986-03-03','F0wzPtYe@hotmail.com','오영희','01066678174',4970.00,'lAsvPSiywuZ#W','local',NULL),('2kohbjpf',_binary '','2014-09-13 00:00:00.000000',NULL,NULL,NULL,'1992-01-22','uv4Arhyz@hotmail.com','박철수','01014633013',21350.00,'gDLrjCckmZfsf4','local',NULL),('3934694206',_binary '\0','2025-03-03 17:40:49.138618',NULL,NULL,NULL,NULL,NULL,'이후용',NULL,1137.00,'$2a$10$0Zh0K5CGeZlx0Hd37Em1AupmkJPlpfH8f9cgvWnxzoubTaMuSAW1y','kakao',NULL),('4duao8tl',_binary '','2018-04-09 00:00:00.000000',NULL,NULL,NULL,'1992-01-19','GZ1x5MiS@gmail.com','설지원','01075034431',7950.00,'aTUzOpMa','local',NULL),('4onz5n',_binary '\0','2001-10-09 00:00:00.000000',NULL,NULL,NULL,NULL,'s8dOhvuB@daum.net','박현우','01043153448',7010.00,'6F42I91R0EB','local',NULL),('56w333311',_binary '\0','2006-05-11 00:00:00.000000',NULL,NULL,NULL,NULL,'raRDxH9K@gmail.com','임경아','01040273806',4500.00,'qZP^QdCcUcce','local',NULL),('5e3adc',_binary '','2013-04-07 00:00:00.000000',NULL,NULL,NULL,'2001-03-14','Ebz3Gnx6@gmail.com','홍혜린','01047639437',29340.00,'pifA1WEM','local',NULL),('5w5cv6oc543',_binary '\0','2017-06-17 00:00:00.000000',NULL,NULL,NULL,NULL,'Um8WNLN4@naver.com','정주연','01061997518',18270.00,'e9^D^DQHknf','local',NULL),('5ypeven8',_binary '\0','2008-04-29 00:00:00.000000',NULL,NULL,NULL,NULL,'gFwPpXr6@hotmail.com','임경민','01040684558',8960.00,'rgSjXHqsO5!t','local',NULL),('613olx6add5',_binary '','2017-08-17 00:00:00.000000',NULL,NULL,NULL,'1989-04-09','djNBAoSC@gmail.com','김도현','01010968315',25280.00,'$amLDi15t','local',NULL),('69y8nwok',_binary '\0','2012-12-17 00:00:00.000000',NULL,NULL,NULL,NULL,'qcqV0J68@hotmail.com','장재윤','01092434355',1380.00,'tGiJkW%@rbGfzjf','local',NULL),('6i7c0w7',_binary '\0','2006-06-23 00:00:00.000000',NULL,NULL,NULL,NULL,'k4l6xVHo@daum.net','신경아','01053031870',45340.00,'LlLzn#jDIAjGwew','local',NULL),('6noror',_binary '','2006-08-02 00:00:00.000000',NULL,NULL,NULL,'1985-09-03','ZN0eI1gw@yahoo.com','신소연','01054713889',22030.00,'7$5mg7s3Z','local',NULL),('736kfg',_binary '\0','2001-06-19 00:00:00.000000',NULL,NULL,NULL,NULL,'MXzEeH2i@hotmail.com','오지훈','01095654880',20770.00,'bdwh^r^0T%8z','local',NULL),('7sa59qnk75d',_binary '','2002-03-31 00:00:00.000000',NULL,NULL,NULL,'1983-09-11','QLVZrAZn@hotmail.com','박현우','01025737313',45310.00,'osTy%YJMR','local',NULL),('7uqeg5429',_binary '\0','2006-04-05 00:00:00.000000',NULL,NULL,NULL,NULL,'ltAuOxtt@yahoo.com','최현우','01053649071',21390.00,'wjJePFWCC','local',NULL),('85g8jzo',_binary '\0','2013-05-25 00:00:00.000000',NULL,NULL,NULL,NULL,'0TCKR9UF@yahoo.com','정현우','01072114278',48340.00,'0q0blswx','local',NULL),('8hwbnabm',_binary '','2019-05-05 00:00:00.000000',NULL,NULL,NULL,'1994-01-15','23AxOJkd@naver.com','임예진','01065642636',25120.00,'wc0^ba8jUc','local',NULL),('9t7v7ysbeb',_binary '\0','2021-12-23 00:00:00.000000',NULL,NULL,NULL,NULL,'z2rrOXpi@daum.net','장혜린','01081579961',37150.00,'lvkNxx!^Ol','local',NULL),('a85w18',_binary '','2007-04-01 00:00:00.000000',NULL,NULL,NULL,'1982-06-27','DENpcBcW@gmail.com','장선우','01019988120',37080.00,'jWNheeQtHpz','local',NULL),('aewris5w913',_binary '','2000-01-26 00:00:00.000000',NULL,NULL,NULL,'1982-06-27','mlyg4mUM@naver.com','임현아','01069491632',12970.00,'XSYZQVHgtIe^bbr','local',NULL),('bdb93suo',_binary '\0','2015-06-04 00:00:00.000000',NULL,NULL,NULL,NULL,'2VS8CAbH@gmail.com','곽현아','01051023272',48300.00,'AUwFJVSn3l5u6','local',NULL),('dab5c30uljiv',_binary '','2014-07-07 00:00:00.000000',NULL,NULL,NULL,'1980-11-05','lmc7ANSh@gmail.com','문도훈','01093934039',11470.00,'v1KjWLmUr','local',NULL),('erin5g9',_binary '','2022-05-22 00:00:00.000000',NULL,NULL,NULL,'1990-03-21','FDrPHlfq@naver.com','오영준','01073622880',19300.00,'gvY1D4zM&gD#iI','local',NULL),('f4dpyqt',_binary '','2015-08-14 00:00:00.000000',NULL,NULL,NULL,'1985-03-28','5vZR4yWa@yahoo.com','조선우','01066776451',4670.00,'pUstrI%','local',NULL),('f7gvm9qrwyb6',_binary '','2008-10-13 00:00:00.000000',NULL,NULL,NULL,'1984-07-02','F6JskL3R@hotmail.com','서성민','01068618233',8080.00,'bmcsuo2yUGF','local',NULL),('fjoaljlq',_binary '\0','2025-02-27 11:50:46.000000',NULL,NULL,NULL,NULL,'ex4pyPWg@daum.net','이예진','01039219284',3000.00,'c3WIfvo7b1kDu','local',NULL),('gz4c4p',_binary '','2015-11-19 00:00:00.000000',NULL,NULL,NULL,'2001-03-16','8p7xoMhB@naver.com','이서윤','01079606121',23320.00,'RSHGp7ud2kHK7','local',NULL),('imvfcbijmbee',_binary '\0','2000-02-04 00:00:00.000000',NULL,NULL,NULL,NULL,'gypqxQfs@gmail.com','박동현','01041726061',6730.00,'SLnJuLdHT@','local',NULL),('j0mxmt',_binary '\0','2017-07-28 00:00:00.000000',NULL,NULL,NULL,NULL,'BVGaby2o@daum.net','조민지','01069634992',16340.00,'bn@K$uNoM','local',NULL),('jy0yp9x',_binary '','2013-08-16 00:00:00.000000',NULL,NULL,NULL,'1989-11-10','EKsHIL1r@daum.net','이영희','01029352169',40910.00,'0zwX5iUCL','local',NULL),('k5kyqh',_binary '','2001-03-04 00:00:00.000000',NULL,NULL,NULL,'1997-07-10','MYzj0SXG@yahoo.com','서태윤','01081356240',30740.00,'nUGOndrBsQ!Q@m','local',NULL),('krfdi2',_binary '','2013-09-22 00:00:00.000000',NULL,NULL,NULL,'1987-06-02','3UGycONc@hotmail.com','이다은','01050425782',22080.00,'GTE6e0BQ4x7','local',NULL),('lo59feup0md',_binary '','2005-03-09 00:00:00.000000',NULL,NULL,NULL,'2003-04-17','ct4yxweG@daum.net','오서연','01099804433',1920.00,'0m6ZQkO69s','local',NULL),('mrsh15561pw',_binary '','2009-12-21 00:00:00.000000',NULL,NULL,NULL,'1992-08-03','EVT5Z91n@yahoo.com','강세훈','01062794652',41430.00,'xdmBnyGizl','local',NULL),('mu1ceroj32wz',_binary '','2010-08-08 00:00:00.000000',NULL,NULL,NULL,'2002-07-12','QXjlWw2c@hotmail.com','문수빈','01068283279',33840.00,'JHRxVKOWc4zZ','local',NULL),('my2o7xb954',_binary '\0','2018-09-19 00:00:00.000000',NULL,NULL,NULL,NULL,'cF0sxrK0@gmail.com','윤수연','01062695974',730.00,'nbiZiwFQw!FDs','local',NULL),('nt20etl4p6mq',_binary '\0','2006-08-03 00:00:00.000000',NULL,NULL,NULL,NULL,'9iMNu6K9@naver.com','김유진','01030148001',36440.00,'Fhoj7oBxQ%','local',NULL),('pcjro43e',_binary '\0','2016-06-13 00:00:00.000000',NULL,NULL,NULL,NULL,'BpCQdtXY@daum.net','임하영','01032511023',26630.00,'KC#pHh&G9klc','local',NULL),('q46l3ietp8',_binary '','2018-04-09 00:00:00.000000',NULL,NULL,NULL,'1986-03-03','JL3OWbmY@daum.net','김다은','01093882813',36230.00,'qmDsyM3X','local',NULL),('qc8bweu',_binary '\0','2013-09-06 00:00:00.000000',NULL,NULL,NULL,NULL,'CFrE8zeZ@hotmail.com','곽연우','01048282702',31690.00,'3YfKeZl7JI%*','local',NULL),('qmhx4m',_binary '\0','2018-12-27 00:00:00.000000',NULL,NULL,NULL,NULL,'k9Ou8y9c@yahoo.com','문건우','01023993037',40850.00,'c3WIfvo7b1kDu','local',NULL),('rig2a1jswr',_binary '\0','2017-12-31 00:00:00.000000',NULL,NULL,NULL,NULL,'99vG70AG@daum.net','윤하영','01054596479',22020.00,'yrBGm9k06xoU2','local',NULL),('scott',_binary '','2025-03-03 17:44:21.152339','경기 파주시 가나무로 79 (금촌동, 대하마트)','꽃놀이','','2025-02-25','e9124@naver.com','스캇','01033334444',19040.00,'$2a$10$6Syz6JF/te7HCOHRgTCxsuDQYUeYh6O5/oxbj/HyJShiMDzrqiHZy','local','10922'),('sk8t54bmeg',_binary '','2011-05-01 00:00:00.000000',NULL,NULL,NULL,'1999-07-17','tfbSvSZz@hotmail.com','정준혁','01028221274',20710.00,'X$OOg#U64^&g^s','local',NULL),('test',_binary '\0','2025-02-26 00:48:23.898444','','','',NULL,'wjdwlsk0211@gmail.com','정지나','01011111111',10000.00,'qqqqqq1!','local',''),('tlemkwqn',_binary '','2019-01-31 00:00:00.000000',NULL,NULL,NULL,'1990-03-21','gapfEieW@daum.net','서수빈','01048263890',21680.00,'kW47HMMxYiQWKs','local',NULL),('v0uoli',_binary '\0','2023-12-24 00:00:00.000000',NULL,NULL,NULL,NULL,'WtryjSfX@yahoo.com','강소연','01084518869',32670.00,'wByj2hx2','local',NULL),('vfs6u3',_binary '','2025-02-01 00:00:00.000000',NULL,NULL,NULL,'1992-01-19','IqMUsCwC@hotmail.com','문승우','01068112228',40240.00,'c5I18O1kad6VFlX','local',NULL),('xxw8gm',_binary '\0','2018-06-07 00:00:00.000000',NULL,NULL,NULL,NULL,'daPFkb5l@naver.com','박수연','01075176900',8590.00,'eZSXsHo3k3','local',NULL),('y4ql31gfw',_binary '\0','2024-09-14 00:00:00.000000',NULL,NULL,NULL,NULL,'d08oRdkm@daum.net','정서연','01084261661',42720.00,'0R4Srw8F^','local',NULL),('zgo0j3',_binary '\0','2014-10-26 00:00:00.000000',NULL,NULL,NULL,NULL,'t3m4IOiU@yahoo.com','장도현','01080138405',6100.00,'mLk5W!CqFbC93Y','local',NULL),('znkn5egs71vv',_binary '\0','2005-12-24 00:00:00.000000',NULL,NULL,NULL,NULL,'LuY06BRd@naver.com','윤하늘','01063276880',26900.00,'KQCQqZD#ZZ$W','local',NULL),('zsil1ebv7qqu',_binary '','2007-03-30 00:00:00.000000',NULL,NULL,NULL,'1980-11-05','2Peywrnn@gmail.com','한예진','01092115093',25190.00,'FdyHr^6soA','local',NULL);
/*!40000 ALTER TABLE `member` ENABLE KEYS */;
UNLOCK TABLES;

--
-- Table structure for table `member_member_role_list`
--

DROP TABLE IF EXISTS `member_member_role_list`;
/*!40101 SET @saved_cs_client     = @@character_set_client */;
/*!50503 SET character_set_client = utf8mb4 */;
CREATE TABLE `member_member_role_list` (
  `member_memberid` varchar(50) NOT NULL,
  `member_role_list` tinyint DEFAULT NULL,
  KEY `FKtolab24dyllq3rnslc6chsr98` (`member_memberid`),
  CONSTRAINT `FKtolab24dyllq3rnslc6chsr98` FOREIGN KEY (`member_memberid`) REFERENCES `member` (`memberid`),
  CONSTRAINT `member_member_role_list_chk_1` CHECK ((`member_role_list` between 0 and 2))
) ENGINE=InnoDB DEFAULT CHARSET=utf8mb4 COLLATE=utf8mb4_0900_ai_ci;
/*!40101 SET character_set_client = @saved_cs_client */;

--
-- Dumping data for table `member_member_role_list`
--

LOCK TABLES `member_member_role_list` WRITE;
/*!40000 ALTER TABLE `member_member_role_list` DISABLE KEYS */;
INSERT INTO `member_member_role_list` VALUES ('beloved1031',0),('beloved1031',1),('3934694206',0),('beloved',0),('yong',0),('scott',0),('bbb',0),('3934694206',0),('scott',0);
/*!40000 ALTER TABLE `member_member_role_list` ENABLE KEYS */;
UNLOCK TABLES;

--
-- Table structure for table `orders`
--

DROP TABLE IF EXISTS `orders`;
/*!40101 SET @saved_cs_client     = @@character_set_client */;
/*!50503 SET character_set_client = utf8mb4 */;
CREATE TABLE `orders` (
  `orderseq` int NOT NULL AUTO_INCREMENT,
  `delivery_date` datetime(6) DEFAULT NULL,
  `orderdate` datetime(6) DEFAULT NULL,
  `order_status` enum('CANCELED','CONFIRMED','DELIVERED','PENDING','PURCHASE_CONFIRMED','REFUNDED','RETURNED','SHIPPED') DEFAULT NULL,
  `phone` varchar(20) DEFAULT NULL,
  `quantity` int DEFAULT NULL,
  `shippingaddress` varchar(500) DEFAULT NULL,
  `totalprice` decimal(38,2) DEFAULT NULL,
  `memberid` varchar(50) DEFAULT NULL,
  `productseq` int DEFAULT NULL,
  `option_size` int DEFAULT NULL,
  PRIMARY KEY (`orderseq`),
  KEY `FKik7nxawu3k457lfm2hkvwasew` (`memberid`),
  KEY `FKrxxjoit5qxf99law3a4ruhug8` (`productseq`),
  KEY `FK2047tjm9ss8qmxvw9g77qtqmw` (`option_size`),
  CONSTRAINT `FK2047tjm9ss8qmxvw9g77qtqmw` FOREIGN KEY (`option_size`) REFERENCES `product_option` (`id`),
  CONSTRAINT `FKik7nxawu3k457lfm2hkvwasew` FOREIGN KEY (`memberid`) REFERENCES `member` (`memberid`),
  CONSTRAINT `FKrxxjoit5qxf99law3a4ruhug8` FOREIGN KEY (`productseq`) REFERENCES `product` (`productseq`)
) ENGINE=InnoDB AUTO_INCREMENT=13 DEFAULT CHARSET=utf8mb4 COLLATE=utf8mb4_0900_ai_ci;
/*!40101 SET character_set_client = @saved_cs_client */;

--
-- Dumping data for table `orders`
--

LOCK TABLES `orders` WRITE;
/*!40000 ALTER TABLE `orders` DISABLE KEYS */;
INSERT INTO `orders` VALUES (1,'2025-03-02 03:00:24.959073','2025-03-02 02:59:49.041150','PURCHASE_CONFIRMED','1234',NULL,' 경기 고양시 일산동구 감내길 1 (성석동) 양우로데오시티 401호',207000.00,'beloved1031',NULL,NULL),(2,'2025-03-02 03:16:09.020041','2025-03-02 03:15:01.627745','PURCHASE_CONFIRMED','1111111',NULL,'10246 경기 고양시 일산동구 감내길 1 (성석동) 꽃놀이',234000.00,'3934694206',NULL,NULL),(3,'2025-03-02 16:50:32.589324','2025-03-02 16:46:45.230210','PURCHASE_CONFIRMED','01033334444',NULL,'10922 경기 파주시 가나무로 79 (금촌동, 대하마트) 용파크 1001동 101호',232000.00,'beloved',NULL,NULL),(4,'2025-03-02 20:30:13.582856','2025-03-02 19:33:01.728109','PURCHASE_CONFIRMED','111111',NULL,' 경기 고양시 일산동구 감내길 1 (성석동) 하이미디어파크 1001동 102호',230000.00,'beloved',NULL,NULL),(5,'2025-03-02 20:03:02.589059','2025-03-02 19:56:34.124392','PURCHASE_CONFIRMED','010-3333-4444',NULL,' 경기 고양시 일산동구 감내길 1 (성석동) 용파크 1001동 101호',465000.00,'yong',NULL,NULL),(6,'2025-03-02 22:55:42.295058','2025-03-02 22:54:31.508702','PURCHASE_CONFIRMED','111',NULL,'10922 경기 파주시 가나무로 79 (금촌동, 대하마트) ',458000.00,'3934694206',NULL,NULL),(7,'2025-03-02 22:58:59.014399','2025-03-02 22:57:58.234917','PURCHASE_CONFIRMED','222',NULL,'10922 경기 파주시 가나무로 79 (금촌동, 대하마트) 꽃놀이',80000.00,'3934694206',NULL,NULL),(8,'2025-03-03 16:38:27.443768','2025-03-03 16:15:46.266718','PURCHASE_CONFIRMED','123',NULL,' 경기 파주시 가나무로 79 (금촌동, 대하마트) 꽃놀이',230000.00,'bbb',NULL,NULL),(9,'2025-03-03 16:45:11.240669','2025-03-03 16:44:39.631233','PURCHASE_CONFIRMED','123123213',NULL,'10922 경기 파주시 가나무로 79 (금촌동, 대하마트) 꽃놀이',60000.00,'3934694206',NULL,NULL),(10,'2025-03-03 17:35:50.356516','2025-03-03 17:35:29.657434','PURCHASE_CONFIRMED','123123213',NULL,'10922 경기 파주시 가나무로 79 (금촌동, 대하마트) ',130000.00,'3934694206',NULL,NULL),(11,'2025-03-03 17:47:57.310975','2025-03-03 17:46:55.882735','PURCHASE_CONFIRMED','123123213',NULL,' 경기 파주시 가나무로 79 (금촌동, 대하마트) 꽃놀이',468000.00,'scott',NULL,NULL),(12,'2025-03-03 17:51:23.957456','2025-03-03 17:50:49.852326','PURCHASE_CONFIRMED','01022229999',NULL,'10922 경기 파주시 가나무로 79 (금촌동, 대하마트) 꽃놀이',37900.00,'3934694206',NULL,NULL);
/*!40000 ALTER TABLE `orders` ENABLE KEYS */;
UNLOCK TABLES;

--
-- Table structure for table `orders_detail`
--

DROP TABLE IF EXISTS `orders_detail`;
/*!40101 SET @saved_cs_client     = @@character_set_client */;
/*!50503 SET character_set_client = utf8mb4 */;
CREATE TABLE `orders_detail` (
  `orders_detail_seq` int NOT NULL AUTO_INCREMENT,
  `orders_result` enum('CANCELED','CONFIRMED','DELIVERED','PENDING','PURCHASE_CONFIRMED','REFUNDED','RETURNED','SHIPPED') NOT NULL,
  `price` decimal(10,2) DEFAULT NULL,
  `orders_quantity` int NOT NULL,
  `size_value` varchar(255) DEFAULT NULL,
  `orders_order_seq` int NOT NULL,
  `orders_product_seq` int NOT NULL,
  `option_size_id` int DEFAULT NULL,
  PRIMARY KEY (`orders_detail_seq`),
  KEY `FKt1h2kb3wgr4sgvducfjk9obdo` (`orders_order_seq`),
  KEY `FKla9mbgnrg07oaa9afh45iajxc` (`orders_product_seq`),
  KEY `FKsd4e7y5g0a65ebl8k6ugehg34` (`option_size_id`),
  CONSTRAINT `FKla9mbgnrg07oaa9afh45iajxc` FOREIGN KEY (`orders_product_seq`) REFERENCES `product` (`productseq`),
  CONSTRAINT `FKsd4e7y5g0a65ebl8k6ugehg34` FOREIGN KEY (`option_size_id`) REFERENCES `product_option` (`id`),
  CONSTRAINT `FKt1h2kb3wgr4sgvducfjk9obdo` FOREIGN KEY (`orders_order_seq`) REFERENCES `orders` (`orderseq`)
) ENGINE=InnoDB AUTO_INCREMENT=29 DEFAULT CHARSET=utf8mb4 COLLATE=utf8mb4_0900_ai_ci;
/*!40101 SET character_set_client = @saved_cs_client */;

--
-- Dumping data for table `orders_detail`
--

LOCK TABLES `orders_detail` WRITE;
/*!40000 ALTER TABLE `orders_detail` DISABLE KEYS */;
INSERT INTO `orders_detail` VALUES (1,'PENDING',69000.00,1,'12호',1,24,3),(2,'PENDING',69000.00,1,'11호',1,24,2),(3,'PENDING',69000.00,1,'10호',1,24,1),(4,'PENDING',78000.00,1,'10호',2,19,1),(5,'PENDING',78000.00,1,'11호',2,19,2),(6,'PENDING',78000.00,1,'12호',2,19,3),(7,'PENDING',78000.00,1,'12호',3,19,3),(8,'PENDING',78000.00,1,'10호',3,19,1),(9,'PENDING',78000.00,1,'11호',3,19,2),(10,'PENDING',78000.00,1,'10호',4,19,1),(11,'PENDING',156000.00,2,'11호',4,19,2),(12,'PENDING',234000.00,3,'12호',5,19,3),(13,'PENDING',78000.00,1,'10호',5,19,1),(14,'PENDING',156000.00,2,'11호',5,19,2),(15,'PENDING',234000.00,3,'12호',6,19,3),(16,'PENDING',156000.00,2,'11호',6,19,2),(17,'PENDING',78000.00,1,'10호',6,19,1),(18,'PENDING',82000.00,1,'10호',7,20,1),(19,'PENDING',78000.00,1,'12호',8,19,3),(20,'PENDING',78000.00,1,'11호',8,19,2),(21,'PENDING',78000.00,1,'10호',8,19,1),(22,'PENDING',64000.00,1,'10호',9,21,1),(23,'PENDING',69000.00,1,'10호',10,24,1),(24,'PENDING',69000.00,1,'11호',10,24,2),(25,'PENDING',234000.00,3,'12호',11,19,3),(26,'PENDING',156000.00,2,'11호',11,19,2),(27,'PENDING',78000.00,1,'10호',11,19,1),(28,'PENDING',37900.00,1,'17cm',12,218,10);
/*!40000 ALTER TABLE `orders_detail` ENABLE KEYS */;
UNLOCK TABLES;

--
-- Table structure for table `point_history`
--

DROP TABLE IF EXISTS `point_history`;
/*!40101 SET @saved_cs_client     = @@character_set_client */;
/*!50503 SET character_set_client = utf8mb4 */;
CREATE TABLE `point_history` (
  `id` bigint NOT NULL AUTO_INCREMENT,
  `created_at` datetime(6) NOT NULL,
  `description` varchar(255) NOT NULL,
  `points` decimal(10,2) NOT NULL,
  `type` enum('EARN','USE') NOT NULL,
  `memberid` varchar(50) NOT NULL,
  PRIMARY KEY (`id`),
  KEY `FKichq7eaxl1jb4wvtvrsnum1nr` (`memberid`),
  CONSTRAINT `FKichq7eaxl1jb4wvtvrsnum1nr` FOREIGN KEY (`memberid`) REFERENCES `member` (`memberid`)
) ENGINE=InnoDB AUTO_INCREMENT=27 DEFAULT CHARSET=utf8mb4 COLLATE=utf8mb4_0900_ai_ci;
/*!40101 SET character_set_client = @saved_cs_client */;

--
-- Dumping data for table `point_history`
--

LOCK TABLES `point_history` WRITE;
/*!40000 ALTER TABLE `point_history` DISABLE KEYS */;
INSERT INTO `point_history` VALUES (1,'2025-03-02 02:59:49.039151','주문 결제 적립',6210.00,'EARN','beloved1031'),(2,'2025-03-02 03:15:01.626745','주문 결제 적립',7020.00,'EARN','3934694206'),(3,'2025-03-02 16:45:07.082246','회원가입 생일 입력 보너스',5000.00,'EARN','beloved'),(4,'2025-03-02 16:46:45.228209','상품 결제 사용',-2000.00,'USE','beloved'),(5,'2025-03-02 16:46:45.229209','주문 결제 적립',6960.00,'EARN','beloved'),(6,'2025-03-02 19:33:01.725109','상품 결제 사용',-4000.00,'USE','beloved'),(7,'2025-03-02 19:33:01.727109','주문 결제 적립',6900.00,'EARN','beloved'),(8,'2025-03-02 19:53:47.930387','회원가입 생일 입력 보너스',5000.00,'EARN','yong'),(9,'2025-03-02 19:56:34.122392','상품 결제 사용',-3000.00,'USE','yong'),(10,'2025-03-02 19:56:34.123392','주문 결제 적립',13950.00,'EARN','yong'),(11,'2025-03-02 21:19:47.317176','생일 입력 보너스',5000.00,'EARN','3934694206'),(12,'2025-03-02 21:23:57.073232','생일 입력 보너스',5000.00,'EARN','scott'),(13,'2025-03-02 22:54:31.506702','상품 결제 사용',-10000.00,'USE','3934694206'),(14,'2025-03-02 22:54:31.507702','주문 결제 적립',13740.00,'EARN','3934694206'),(15,'2025-03-02 22:57:58.232917','상품 결제 사용',-2000.00,'USE','3934694206'),(16,'2025-03-02 22:57:58.233918','주문 결제 적립',2400.00,'EARN','3934694206'),(17,'2025-03-03 15:03:57.728764','회원가입 생일 입력 보너스',5000.00,'EARN','bbb'),(18,'2025-03-03 16:15:46.262717','상품 결제 사용',-4000.00,'USE','bbb'),(19,'2025-03-03 16:15:46.264717','주문 결제 적립',6900.00,'EARN','bbb'),(20,'2025-03-03 16:44:39.629233','상품 결제 사용',-4000.00,'USE','3934694206'),(21,'2025-03-03 16:44:39.630234','주문 결제 적립',1800.00,'EARN','3934694206'),(22,'2025-03-03 17:35:29.655434','상품 결제 사용',-8000.00,'USE','3934694206'),(23,'2025-03-03 17:35:29.656435','주문 결제 적립',3900.00,'EARN','3934694206'),(24,'2025-03-03 17:44:21.151339','회원가입 생일 입력 보너스',5000.00,'EARN','scott'),(25,'2025-03-03 17:46:55.881735','주문 결제 적립',14040.00,'EARN','scott'),(26,'2025-03-03 17:50:49.851326','주문 결제 적립',1137.00,'EARN','3934694206');
/*!40000 ALTER TABLE `point_history` ENABLE KEYS */;
UNLOCK TABLES;

--
-- Table structure for table `product`
--

DROP TABLE IF EXISTS `product`;
/*!40101 SET @saved_cs_client     = @@character_set_client */;
/*!50503 SET character_set_client = utf8mb4 */;
CREATE TABLE `product` (
  `productseq` int NOT NULL AUTO_INCREMENT,
  `categories_string` varchar(255) DEFAULT NULL,
  `categoryid` int NOT NULL,
  `hoverimage` varchar(255) DEFAULT NULL,
  `indate` datetime NOT NULL DEFAULT CURRENT_TIMESTAMP,
  `infoimage` varchar(255) DEFAULT NULL,
  `infoimage2` varchar(255) DEFAULT NULL,
  `infoimage3` varchar(255) DEFAULT NULL,
  `infoimage4` varchar(255) DEFAULT NULL,
  `infoimage5` varchar(255) DEFAULT NULL,
  `productbest` varchar(255) DEFAULT NULL,
  `productcontent` varchar(255) DEFAULT NULL,
  `productcostprice` int NOT NULL,
  `productimage` varchar(255) NOT NULL,
  `productimage2` varchar(255) DEFAULT NULL,
  `productimage3` varchar(255) DEFAULT NULL,
  `productimage4` varchar(255) DEFAULT NULL,
  `productmarginprice` int NOT NULL,
  `productname` varchar(255) DEFAULT NULL,
  `productsaleprice` int NOT NULL,
  `productstatus` varchar(255) DEFAULT NULL,
  `productuse` varchar(255) DEFAULT NULL,
  `subcategoryid` int DEFAULT NULL,
  PRIMARY KEY (`productseq`)
) ENGINE=InnoDB AUTO_INCREMENT=219 DEFAULT CHARSET=utf8mb4 COLLATE=utf8mb4_0900_ai_ci;
/*!40101 SET character_set_client = @saved_cs_client */;

--
-- Dumping data for table `product`
--

LOCK TABLES `product` WRITE;
/*!40000 ALTER TABLE `product` DISABLE KEYS */;
INSERT INTO `product` VALUES (19,'',1,'1002.jpeg','2025-02-25 17:07:45','1003.jpeg',NULL,NULL,NULL,NULL,'Y',NULL,44000,'1001.jpeg','1002.jpeg',NULL,NULL,34000,'Eternal Bond Couple Ring',78000,NULL,'판매중',11),(20,NULL,1,'1005.jpeg','2025-02-16 17:07:45','1006.jpeg',NULL,NULL,NULL,NULL,'Y',NULL,53000,'1004.jpeg','1005.jpeg',NULL,NULL,29000,'클래식 심플 커플링',82000,NULL,'판매중',11),(21,NULL,1,'1008.jpeg','2025-02-11 17:07:45','1009.jpeg',NULL,NULL,NULL,NULL,'Y',NULL,32000,'1007.jpeg','1008.jpeg',NULL,NULL,32000,'Timeless Love Band',64000,NULL,'판매중',11),(22,NULL,1,'1011.jpeg','2025-02-10 17:07:45','1012.jpeg',NULL,NULL,NULL,NULL,'Y',NULL,51000,'1010.jpeg','1011.jpeg',NULL,NULL,35000,'로맨틱 하트 커플링',86000,NULL,'판매중',11),(23,NULL,1,'1014.jpeg','2025-02-13 17:07:45','1015.jpeg',NULL,NULL,NULL,NULL,'Y',NULL,41000,'1013.jpeg','1014.jpeg',NULL,NULL,28000,'Infinity Knot Ring',69000,NULL,'판매중',11),(24,NULL,1,'1017.jpeg','2025-02-21 17:07:45','1018.jpeg',NULL,NULL,NULL,NULL,'Y',NULL,38000,'1016.jpeg','1017.jpeg',NULL,NULL,31000,'슬림 골드 커플링',69000,NULL,'판매중',11),(25,NULL,1,'1020.jpeg','2025-01-31 17:07:45','1021.jpeg',NULL,NULL,NULL,NULL,'Y',NULL,40000,'1019.jpeg','1020.jpeg',NULL,NULL,29000,'Silver Harmony Band',69000,NULL,'판매중',11),(26,NULL,1,'1023.jpeg','2025-01-29 17:07:45','1024.jpeg',NULL,NULL,NULL,NULL,'Y',NULL,42000,'1022.jpeg','1023.jpeg',NULL,NULL,27000,'트위스트 체인 커플링',69000,NULL,'판매중',11),(27,NULL,1,NULL,'2025-02-19 17:07:45','1027.jpeg',NULL,NULL,NULL,NULL,NULL,NULL,42000,'1025.jpeg','1026.jpeg',NULL,NULL,27000,'Minimal Duo Ring',69000,NULL,'판매중',11),(28,NULL,1,NULL,'2025-01-31 17:07:45','1030.jpeg',NULL,NULL,NULL,NULL,NULL,NULL,42000,'1028.jpeg','1029.jpeg',NULL,NULL,27000,'Signature Promise Band',69000,NULL,'판매중',11),(29,NULL,1,NULL,'2025-02-25 17:07:45','1033.jpeg',NULL,NULL,NULL,NULL,NULL,NULL,34000,'1031.jpeg','1032.jpeg',NULL,NULL,32000,'Minimal Line Ring',66000,NULL,'판매중',12),(30,NULL,1,NULL,'2025-02-16 17:07:45','1036.jpeg',NULL,NULL,NULL,NULL,NULL,NULL,34000,'1034.jpeg','1035.jpeg',NULL,NULL,30000,'슬림 라운드 반지',64000,NULL,'판매중',12),(31,NULL,1,NULL,'2025-02-11 17:07:45','1039.jpeg',NULL,NULL,NULL,NULL,NULL,NULL,20000,'1037.jpeg','1038.jpeg',NULL,NULL,29000,'Classic Plain Band',49000,NULL,'판매중',12),(32,NULL,1,NULL,'2025-02-10 17:07:45','1042.jpeg',NULL,NULL,NULL,NULL,NULL,NULL,31000,'1040.jpeg','1041.jpeg',NULL,NULL,28000,'미니멀 실버 링',59000,NULL,'판매중',12),(33,NULL,1,NULL,'2025-02-13 17:07:45','1045.jpeg',NULL,NULL,NULL,NULL,NULL,NULL,51000,'1043.jpeg','1044.jpeg',NULL,NULL,41000,'Timeless Thin Ring',92000,NULL,'판매중',12),(34,NULL,1,NULL,'2025-02-21 17:07:45','1048.jpeg',NULL,NULL,NULL,NULL,NULL,NULL,21000,'1046.jpeg','1047.jpeg',NULL,NULL,21000,'골드 심플 반지',42000,NULL,'판매중',12),(35,NULL,1,NULL,'2025-01-31 17:07:45','1051.jpeg',NULL,NULL,NULL,NULL,NULL,NULL,13000,'1049.jpeg','1050.jpeg',NULL,NULL,13000,'Elegant Smooth Band',26000,NULL,'판매중',12),(36,NULL,1,NULL,'2025-01-29 17:07:45','1054.jpeg',NULL,NULL,NULL,NULL,NULL,NULL,45000,'1052.jpeg','1053.jpeg',NULL,NULL,41000,'슬릭 커브 링',86000,NULL,'판매중',12),(37,NULL,1,NULL,'2025-02-19 17:07:45','1057.jpeg',NULL,NULL,NULL,NULL,NULL,NULL,6000,'1055.jpeg','1056.jpeg',NULL,NULL,5900,'Modern Edge Ring',11900,NULL,'판매중',12),(38,NULL,1,NULL,'2025-01-31 17:07:45','1060.jpeg',NULL,NULL,NULL,NULL,NULL,NULL,31000,'1058.jpeg','1059.jpeg',NULL,NULL,26000,'Signature Simple Band',57000,NULL,'판매중',12),(39,NULL,1,NULL,'2025-02-25 17:07:45','1063.jpeg',NULL,NULL,NULL,NULL,NULL,NULL,23000,'1061.jpeg','1062.jpeg',NULL,NULL,35000,'Crystal Shine Ring',58000,NULL,'판매중',13),(40,NULL,1,NULL,'2025-02-16 17:07:45','1066.jpeg',NULL,NULL,NULL,NULL,NULL,NULL,40000,'1064.jpeg','1065.jpeg',NULL,NULL,45000,'슬림 큐빅 반지',85000,NULL,'판매중',13),(41,NULL,1,NULL,'2025-02-11 17:07:45','1069.jpeg',NULL,NULL,NULL,NULL,NULL,NULL,53200,'1067.jpeg','1068.jpeg',NULL,NULL,51200,'Timeless Spark Band',104400,NULL,'판매중',13),(42,NULL,1,NULL,'2025-02-10 17:07:45','1072.jpeg',NULL,NULL,NULL,NULL,NULL,NULL,37000,'1070.jpeg','1071.jpeg',NULL,NULL,39000,'미니멀 큐빅 링',76000,NULL,'판매중',13),(43,NULL,1,NULL,'2025-02-13 17:07:45','1075.jpeg',NULL,NULL,NULL,NULL,NULL,NULL,52000,'1073.jpeg','1074.jpeg',NULL,NULL,26000,'Elegant Gemstone Ring',78000,NULL,'판매중',13),(44,NULL,1,NULL,'2025-02-21 17:07:45','1078.jpeg',NULL,NULL,NULL,NULL,NULL,NULL,70500,'1076.jpeg','1077.jpeg',NULL,NULL,68500,'골드 큐빅 하트 반지',139000,NULL,'판매중',13),(45,NULL,1,NULL,'2025-01-31 17:07:45','1081.jpeg',NULL,NULL,NULL,NULL,NULL,NULL,20000,'1079.jpeg','1080.jpeg',NULL,NULL,18000,'Classic Diamond Band',38000,NULL,'판매중',13),(46,NULL,1,NULL,'2025-01-29 17:07:45','1084.jpeg',NULL,NULL,NULL,NULL,NULL,NULL,58000,'1082.jpeg','1083.jpeg',NULL,NULL,31000,'실버 크리스탈 링',89000,NULL,'판매중',13),(47,NULL,1,NULL,'2025-02-19 17:07:45','1087.jpeg',NULL,NULL,NULL,NULL,NULL,NULL,52000,'1085.jpeg','1086.jpeg',NULL,NULL,33000,'Twinkle Star Cubic Ring',85000,NULL,'판매중',13),(48,NULL,1,NULL,'2025-01-31 17:07:45','1090.jpeg',NULL,NULL,NULL,NULL,NULL,NULL,57000,'1088.jpeg','1089.jpeg',NULL,NULL,36000,'Signature Brilliant Band',93000,NULL,'판매중',13),(49,NULL,1,NULL,'2025-02-25 17:07:45','1093.jpeg',NULL,NULL,NULL,NULL,NULL,NULL,20000,'1091.jpeg','1092.jpeg',NULL,NULL,30000,'Golden Loop Ring',50000,NULL,'판매중',14),(50,NULL,1,NULL,'2025-02-16 17:07:45','1096.jpeg',NULL,NULL,NULL,NULL,NULL,NULL,22000,'1094.jpeg','1095.jpeg',NULL,NULL,33000,'슬림 골드 밴드',55000,NULL,'판매중',14),(51,NULL,1,NULL,'2025-02-11 17:07:45','1099.jpeg',NULL,NULL,NULL,NULL,NULL,NULL,150000,'1097.jpeg','1098.jpeg',NULL,NULL,85000,'Classic Gold Ring',235000,NULL,'판매중',14),(52,NULL,1,NULL,'2025-02-10 17:07:45','1102.jpeg',NULL,NULL,NULL,NULL,NULL,NULL,300000,'1100.jpeg','1101.jpeg',NULL,NULL,210000,'트위스트 골드 링',510000,NULL,'판매중',14),(53,NULL,1,NULL,'2025-02-13 17:07:45','1105.jpeg',NULL,NULL,NULL,NULL,NULL,NULL,130000,'1103.jpeg','1104.jpeg',NULL,NULL,70000,'Minimal Gold Band',200000,NULL,'판매중',14),(54,NULL,1,NULL,'2025-02-21 17:07:45','1108.jpeg',NULL,NULL,NULL,NULL,NULL,NULL,52000,'1106.jpeg','1107.jpeg',NULL,NULL,67000,'Timeless Gold Ring',119000,NULL,'판매중',14),(55,NULL,1,NULL,'2025-01-31 17:07:45','1111.jpeg',NULL,NULL,NULL,NULL,NULL,NULL,23000,'1109.jpeg','1110.jpeg',NULL,NULL,19000,'Bold Gold Statement',42000,NULL,'판매중',14),(56,NULL,1,NULL,'2025-01-29 17:07:45','1114.jpeg',NULL,NULL,NULL,NULL,NULL,NULL,130000,'1112.jpeg','1113.jpeg',NULL,NULL,90000,'골드 하트 반지',220000,NULL,'판매중',14),(57,NULL,1,NULL,'2025-02-19 17:07:45','1117.jpeg',NULL,NULL,NULL,NULL,NULL,NULL,170000,'1115.jpeg','1116.jpeg',NULL,NULL,152000,'Elegant Gold Knot',322000,NULL,'판매중',14),(58,NULL,1,NULL,'2025-01-31 17:07:45','1120.jpeg',NULL,NULL,NULL,NULL,NULL,NULL,110000,'1118.jpeg','1119.jpeg',NULL,NULL,115000,'Signature Gold Band',225000,NULL,'판매중',14),(59,NULL,1,NULL,'2025-02-25 17:07:45','1123.jpeg',NULL,NULL,NULL,NULL,NULL,NULL,43000,'1121.jpeg','1122.jpeg',NULL,NULL,43000,'Silver Wave Ring',86000,NULL,'판매중',15),(60,NULL,1,NULL,'2025-02-16 17:07:45','1126.jpeg',NULL,NULL,NULL,NULL,NULL,NULL,31000,'1124.jpeg','1125.jpeg',NULL,NULL,20000,'미니멀 실버 밴드',51000,NULL,'판매중',15),(61,NULL,1,NULL,'2025-02-11 17:07:45','1129.jpeg',NULL,NULL,NULL,NULL,NULL,NULL,32000,'1127.jpeg','1128.jpeg',NULL,NULL,26000,'Classic Silver Ring',58000,NULL,'판매중',15),(62,NULL,1,NULL,'2025-02-10 17:07:45','1132.jpeg',NULL,NULL,NULL,NULL,NULL,NULL,12000,'1130.jpeg','1131.jpeg',NULL,NULL,17800,'실버 트위스트 링',29800,NULL,'판매중',15),(63,NULL,1,NULL,'2025-02-13 17:07:45','1135.jpeg',NULL,NULL,NULL,NULL,NULL,NULL,6000,'1133.jpeg','1134.jpeg',NULL,NULL,9000,'Timeless Silver Band',15000,NULL,'판매중',15),(64,NULL,1,NULL,'2025-02-21 17:07:45','1138.jpeg',NULL,NULL,NULL,NULL,NULL,NULL,64000,'1136.jpeg','1137.jpeg',NULL,NULL,46000,'Bold Silver Statement',110000,NULL,'판매중',15),(65,NULL,1,NULL,'2025-01-31 17:07:45','1141.jpeg',NULL,NULL,NULL,NULL,NULL,NULL,32000,'1139.jpeg','1140.jpeg',NULL,NULL,33000,'Elegant Silver Knot',65000,NULL,'판매중',15),(66,NULL,1,NULL,'2025-01-29 17:07:45','1144.jpeg',NULL,NULL,NULL,NULL,NULL,NULL,41000,'1142.jpeg','1143.jpeg',NULL,NULL,27000,'슬림 실버 링',68000,NULL,'판매중',15),(67,NULL,1,NULL,'2025-02-19 17:07:45','1147.jpeg',NULL,NULL,NULL,NULL,NULL,NULL,36000,'1145.jpeg','1146.jpeg',NULL,NULL,36000,'Shiny Silver Loop',72000,NULL,'판매중',15),(68,NULL,1,NULL,'2025-01-31 17:07:45','1150.jpeg',NULL,NULL,NULL,NULL,NULL,NULL,30000,'1148.jpeg','1149.jpeg',NULL,NULL,27500,'Signature Silver Band',57500,NULL,'판매중',15),(69,NULL,2,NULL,'2025-02-26 19:34:39','2003.jpeg  ',NULL,NULL,NULL,NULL,NULL,NULL,39500,'2001.jpeg','2002.jpeg  ',NULL,NULL,13100,'Infinity Bold Necklace',52600,NULL,'판매중',21),(70,NULL,2,NULL,'2025-02-26 19:34:39','2006.jpeg  ',NULL,NULL,NULL,NULL,NULL,NULL,56900,'2004.jpeg','2005.jpeg  ',NULL,NULL,24400,'슬림 라인 네크리스',81300,NULL,'판매중',21),(71,NULL,2,NULL,'2025-02-26 19:34:39','2009.jpeg  ',NULL,NULL,NULL,NULL,NULL,NULL,148400,'2007.jpeg','2008.jpeg  ',NULL,NULL,148500,'Minimal Curve Pendant',296900,NULL,'판매중',21),(72,NULL,2,NULL,'2025-02-26 19:34:39','2012.jpeg  ',NULL,NULL,NULL,NULL,NULL,NULL,27300,'2010.jpeg','2011.jpeg  ',NULL,NULL,14700,'트위스트 모던 체인',42000,NULL,'판매중',21),(73,NULL,2,NULL,'2025-02-26 19:34:39','2015.jpeg  ',NULL,NULL,NULL,NULL,NULL,NULL,52100,'2013.jpeg','2014.jpeg  ',NULL,NULL,34700,'클래식 오벌 네크리스',86800,NULL,'판매중',21),(74,NULL,2,NULL,'2025-02-26 19:34:39','2018.jpeg  ',NULL,NULL,NULL,NULL,NULL,NULL,81700,'2016.jpeg','2017.jpeg  ',NULL,NULL,54400,'Eternal Loop Necklace',136100,NULL,'판매중',21),(75,NULL,2,NULL,'2025-02-26 19:34:39','2021.jpeg  ',NULL,NULL,NULL,NULL,NULL,NULL,112000,'2019.jpeg','2020.jpeg  ',NULL,NULL,56800,'볼드 체인 펜던트',168800,NULL,'판매중',21),(76,NULL,2,NULL,'2025-02-26 19:34:39','2024.jpeg  ',NULL,NULL,NULL,NULL,NULL,NULL,129800,'2022.jpeg','2023.jpeg  ',NULL,NULL,110500,'Signature Sleek Chain',240300,NULL,'판매중',21),(77,NULL,2,NULL,'2025-02-26 19:34:39','2027.jpeg  ',NULL,NULL,NULL,NULL,NULL,NULL,148300,'2025.jpeg','2026.jpeg  ',NULL,NULL,79800,'골드 웨이브 네크리스',228100,NULL,'판매중',21),(78,NULL,2,NULL,'2025-02-26 19:34:39','2030.jpeg  ',NULL,NULL,NULL,NULL,NULL,NULL,60100,'2028.jpeg','2029.jpeg  ',NULL,NULL,47300,'Timeless Harmony Pendant',107400,NULL,'판매중',21),(79,NULL,2,NULL,'2025-02-26 19:34:39','2033.jpeg  ',NULL,NULL,NULL,NULL,NULL,NULL,158500,'2031.jpeg','2032.jpeg  ',NULL,NULL,87800,'Eternal Sun Pendant',246300,NULL,'판매중',22),(80,NULL,2,NULL,'2025-02-26 19:34:39','2036.jpeg  ',NULL,NULL,NULL,NULL,NULL,NULL,93800,'2034.jpeg','2035.jpeg  ',NULL,NULL,64900,'클래식 문 네크리스',158700,NULL,'판매중',22),(81,NULL,2,NULL,'2025-02-26 19:34:40','2039.jpeg  ',NULL,NULL,NULL,NULL,NULL,NULL,100200,'2037.jpeg','2038.jpeg  ',NULL,NULL,66200,'Golden Halo Pendant',166400,NULL,'판매중',22),(82,NULL,2,NULL,'2025-02-26 19:34:40','2042.jpeg  ',NULL,NULL,NULL,NULL,NULL,NULL,114400,'2040.jpeg','2041.jpeg  ',NULL,NULL,68100,'심플 라운드 펜던트',182500,NULL,'판매중',22),(83,NULL,2,NULL,'2025-02-26 19:34:40','2045.jpeg  ',NULL,NULL,NULL,NULL,NULL,NULL,165200,'2043.jpeg','2044.jpeg  ',NULL,NULL,110700,'Timeless Coin Necklace',275900,NULL,'판매중',22),(84,NULL,2,NULL,'2025-02-26 19:34:40','2048.jpeg  ',NULL,NULL,NULL,NULL,NULL,NULL,175400,'2046.jpeg','2047.jpeg  ',NULL,NULL,90900,'로열 스톤 메달',266300,NULL,'판매중',22),(85,NULL,2,NULL,'2025-02-26 19:34:40','2051.jpeg  ',NULL,NULL,NULL,NULL,NULL,NULL,116800,'2049.jpeg','2050.jpeg  ',NULL,NULL,83000,'Celestial Charm Pendant',199800,NULL,'판매중',22),(86,NULL,2,NULL,'2025-02-26 19:34:40','2054.jpeg  ',NULL,NULL,NULL,NULL,NULL,NULL,57300,'2052.jpeg','2053.jpeg  ',NULL,NULL,41900,'미니멀 오벌 네크리스',99200,NULL,'판매중',22),(87,NULL,2,NULL,'2025-02-26 19:34:40','2057.jpeg  ',NULL,NULL,NULL,NULL,NULL,NULL,192500,'2055.jpeg','2056.jpeg  ',NULL,NULL,87400,'Luna Glow Pendant',279900,NULL,'판매중',22),(88,NULL,2,NULL,'2025-02-26 19:34:40','2060.jpeg  ',NULL,NULL,NULL,NULL,NULL,NULL,136100,'2058.jpeg','2059.jpeg  ',NULL,NULL,77900,'빈티지 실버 메달',214000,NULL,'판매중',22),(89,NULL,2,NULL,'2025-02-26 19:34:40','2063.jpeg  ',NULL,NULL,NULL,NULL,NULL,NULL,22200,'2061.jpeg','2062.jpeg  ',NULL,NULL,14000,'Eternal Sun Pendant',36200,NULL,'판매중',23),(90,NULL,2,NULL,'2025-02-26 19:34:40','2066.jpeg  ',NULL,NULL,NULL,NULL,NULL,NULL,25100,'2064.jpeg','2065.jpeg  ',NULL,NULL,15000,'클래식 문 펜던트',40100,NULL,'판매중',23),(91,NULL,2,NULL,'2025-02-26 19:34:40','2069.jpeg  ',NULL,NULL,NULL,NULL,NULL,NULL,103500,'2067.jpeg','2068.jpeg  ',NULL,NULL,51500,'Golden Glow Pendant',155000,NULL,'판매중',23),(92,NULL,2,NULL,'2025-02-26 19:34:40','2072.jpeg  ',NULL,NULL,NULL,NULL,NULL,NULL,32000,'2070.jpeg','2071.jpeg  ',NULL,NULL,19500,'심플 라운드 펜던트',51500,NULL,'판매중',23),(93,NULL,2,NULL,'2025-02-26 19:34:40','2075.jpeg  ',NULL,NULL,NULL,NULL,NULL,NULL,83500,'2073.jpeg','2074.jpeg  ',NULL,NULL,50400,'Timeless Coin Pendant',133900,NULL,'판매중',23),(94,NULL,2,NULL,'2025-02-26 19:34:40','2078.jpeg  ',NULL,NULL,NULL,NULL,NULL,NULL,142400,'2076.jpeg','2077.jpeg  ',NULL,NULL,65800,'로열 스톤 펜던트',208200,NULL,'판매중',23),(95,NULL,2,NULL,'2025-02-26 19:34:40','2081.jpeg  ',NULL,NULL,NULL,NULL,NULL,NULL,17800,'2079.jpeg','2080.jpeg  ',NULL,NULL,10700,'Celestial Charm Pendant',28500,NULL,'판매중',23),(96,NULL,2,NULL,'2025-02-26 19:34:40','2084.jpeg  ',NULL,NULL,NULL,NULL,NULL,NULL,107600,'2082.jpeg','2083.jpeg  ',NULL,NULL,50800,'미니멀 오벌 펜던트',158400,NULL,'판매중',23),(97,NULL,2,NULL,'2025-02-26 19:34:40','2087.jpeg  ',NULL,NULL,NULL,NULL,NULL,NULL,32800,'2085.jpeg','2086.jpeg  ',NULL,NULL,21400,'Luna Glow Pendant',54200,NULL,'판매중',23),(98,NULL,2,NULL,'2025-02-26 19:34:40','2090.jpeg  ',NULL,NULL,NULL,NULL,NULL,NULL,53300,'2088.jpeg','2089.jpeg  ',NULL,NULL,35100,'빈티지 스퀘어 펜던트',88400,NULL,'판매중',23),(99,NULL,2,NULL,'2025-02-26 19:34:40','2093.jpeg  ',NULL,NULL,NULL,NULL,NULL,NULL,47100,'2091.jpeg','2092.jpeg  ',NULL,NULL,28800,'Golden Sun Necklace',75900,NULL,'판매중',24),(100,NULL,2,NULL,'2025-02-26 19:34:40','2096.jpeg  ',NULL,NULL,NULL,NULL,NULL,NULL,72200,'2094.jpeg','2095.jpeg  ',NULL,NULL,43100,'슬림 골드 체인',115300,NULL,'판매중',24),(101,NULL,2,NULL,'2025-02-26 19:34:40','2099.jpeg  ',NULL,NULL,NULL,NULL,NULL,NULL,172300,'2097.jpeg','2098.jpeg  ',NULL,NULL,91800,'Minimal Gold Pendant',264100,NULL,'판매중',24),(102,NULL,2,NULL,'2025-02-26 19:34:40','2102.jpeg  ',NULL,NULL,NULL,NULL,NULL,NULL,55600,'2100.jpeg','2101.jpeg  ',NULL,NULL,34000,'트위스트 골드 네크리스',89600,NULL,'판매중',24),(103,NULL,2,NULL,'2025-02-26 19:34:40','2105.jpeg  ',NULL,NULL,NULL,NULL,NULL,NULL,162600,'2103.jpeg','2104.jpeg  ',NULL,NULL,98800,'클래식 골드 코인',261400,NULL,'판매중',24),(104,NULL,2,NULL,'2025-02-26 19:34:40','2108.jpeg  ',NULL,NULL,NULL,NULL,NULL,NULL,180500,'2106.jpeg','2107.jpeg  ',NULL,NULL,118800,'Eternal Gold Loop',299300,NULL,'판매중',24),(105,NULL,2,NULL,'2025-02-26 19:34:40','2111.jpeg  ',NULL,NULL,NULL,NULL,NULL,NULL,93000,'2109.jpeg','2110.jpeg  ',NULL,NULL,53900,'볼드 골드 체인',146900,NULL,'판매중',24),(106,NULL,2,NULL,'2025-02-26 19:34:40','2114.jpeg  ',NULL,NULL,NULL,NULL,NULL,NULL,161100,'2112.jpeg','2113.jpeg  ',NULL,NULL,96600,'Signature Gold Medallion',257700,NULL,'판매중',24),(107,NULL,2,NULL,'2025-02-26 19:34:40','2117.jpeg  ',NULL,NULL,NULL,NULL,NULL,NULL,169000,'2115.jpeg','2116.jpeg  ',NULL,NULL,94700,'골드 웨이브 펜던트',263700,NULL,'판매중',24),(108,NULL,2,NULL,'2025-02-26 19:34:40','2120.jpeg  ',NULL,NULL,NULL,NULL,NULL,NULL,70700,'2118.jpeg','2119.jpeg  ',NULL,NULL,42900,'Timeless Gold Charm',113600,NULL,'판매중',24),(109,NULL,2,NULL,'2025-02-26 19:34:40','2123.jpeg  ',NULL,NULL,NULL,NULL,NULL,NULL,109600,'2121.jpeg','2122.jpeg  ',NULL,NULL,58400,'Silver Moon Necklace',168000,NULL,'판매중',25),(110,NULL,2,NULL,'2025-02-26 19:34:40','2126.jpeg  ',NULL,NULL,NULL,NULL,NULL,NULL,147900,'2124.jpeg','2125.jpeg  ',NULL,NULL,85500,'심플 실버 체인',233400,NULL,'판매중',25),(111,NULL,2,NULL,'2025-02-26 19:34:40','2129.jpeg  ',NULL,NULL,NULL,NULL,NULL,NULL,143200,'2127.jpeg','2128.jpeg  ',NULL,NULL,86600,'Minimal Silver Pendant',229800,NULL,'판매중',25),(112,NULL,2,NULL,'2025-02-26 19:34:40','2132.jpeg  ',NULL,NULL,NULL,NULL,NULL,NULL,134800,'2130.jpeg','2131.jpeg  ',NULL,NULL,85300,'트위스트 실버 네크리스',220100,NULL,'판매중',25),(113,NULL,2,NULL,'2025-02-26 19:34:40','2135.jpeg  ',NULL,NULL,NULL,NULL,NULL,NULL,86800,'2133.jpeg','2134.jpeg  ',NULL,NULL,49700,'클래식 실버 코인',136500,NULL,'판매중',25),(114,NULL,2,NULL,'2025-02-26 19:34:40','2138.jpeg  ',NULL,NULL,NULL,NULL,NULL,NULL,51900,'2136.jpeg','2137.jpeg  ',NULL,NULL,26700,'Eternal Silver Loop',78600,NULL,'판매중',25),(115,NULL,2,NULL,'2025-02-26 19:34:40','2141.jpeg  ',NULL,NULL,NULL,NULL,NULL,NULL,171100,'2139.jpeg','2140.jpeg  ',NULL,NULL,82300,'볼드 실버 체인',253400,NULL,'판매중',25),(116,NULL,2,NULL,'2025-02-26 19:34:40','2144.jpeg  ',NULL,NULL,NULL,NULL,NULL,NULL,34100,'2142.jpeg','2143.jpeg  ',NULL,NULL,19300,'Signature Silver Medallion',53400,NULL,'판매중',25),(117,NULL,2,NULL,'2025-02-26 19:34:40','2147.jpeg  ',NULL,NULL,NULL,NULL,NULL,NULL,181300,'2145.jpeg','2146.jpeg  ',NULL,NULL,101800,'실버 웨이브 펜던트',283100,NULL,'판매중',25),(118,NULL,2,NULL,'2025-02-26 19:34:40','2150.jpeg  ',NULL,NULL,NULL,NULL,NULL,NULL,121400,'2148.jpeg','2149.jpeg',NULL,NULL,71200,'Timeless Silver Charm',192600,NULL,'판매중',25),(119,NULL,3,NULL,'2025-02-26 19:46:27','3003.jpeg  ',NULL,NULL,NULL,NULL,NULL,NULL,10510,'3001.jpeg  ','3002.jpeg  ',NULL,NULL,4510,'Minimal Dot Piercing',15020,NULL,'판매중',31),(120,NULL,3,NULL,'2025-02-26 19:46:27','3006.jpeg  ',NULL,NULL,NULL,NULL,NULL,NULL,10900,'3004.jpeg  ','3005.jpeg  ',NULL,NULL,4330,'크리스탈 스터드 피어싱',15230,NULL,'판매중',31),(121,NULL,3,NULL,'2025-02-26 19:46:27','3009.jpeg  ',NULL,NULL,NULL,NULL,NULL,NULL,11800,'3007.jpeg  ','3008.jpeg  ',NULL,NULL,5040,'Tiny Hoop Piercing',16840,NULL,'판매중',31),(122,NULL,3,NULL,'2025-02-26 19:46:27','3012.jpeg  ',NULL,NULL,NULL,NULL,NULL,NULL,12250,'3010.jpeg  ','3011.jpeg  ',NULL,NULL,5250,'심플 바 피어싱',17500,NULL,'판매중',31),(123,NULL,3,NULL,'2025-02-26 19:46:27','3015.jpeg  ',NULL,NULL,NULL,NULL,NULL,NULL,12900,'3013.jpeg  ','3014.jpeg  ',NULL,NULL,5530,'Starry Charm Piercing',18430,NULL,'판매중',31),(124,NULL,3,NULL,'2025-02-26 19:46:27','3018.jpeg  ',NULL,NULL,NULL,NULL,NULL,NULL,13690,'3016.jpeg  ','3017.jpeg  ',NULL,NULL,5870,'미니멀 볼 피어싱',19560,NULL,'판매중',31),(125,NULL,3,NULL,'2025-02-26 19:46:27','3021.jpeg  ',NULL,NULL,NULL,NULL,NULL,NULL,14330,'3019.jpeg  ','3020.jpeg  ',NULL,NULL,6150,'Classic Gem Piercing',20480,NULL,'판매중',31),(126,NULL,3,NULL,'2025-02-26 19:46:27','3024.jpeg  ',NULL,NULL,NULL,NULL,NULL,NULL,14980,'3022.jpeg  ','3023.jpeg  ',NULL,NULL,6420,'하트 스톤 피어싱',21400,NULL,'판매중',31),(127,NULL,3,NULL,'2025-02-26 19:46:27','3027.jpeg  ',NULL,NULL,NULL,NULL,NULL,NULL,15750,'3025.jpeg  ','3026.jpeg  ',NULL,NULL,6750,'Golden Twist Piercing',22500,NULL,'판매중',31),(128,NULL,3,NULL,'2025-02-26 19:46:27','3030.jpeg  ',NULL,NULL,NULL,NULL,NULL,NULL,16530,'3028.jpeg  ','3029.jpeg  ',NULL,NULL,7090,'실버 체인 피어싱',23620,NULL,'판매중',31),(129,NULL,3,NULL,'2025-02-26 19:46:27','3033.jpeg  ',NULL,NULL,NULL,NULL,NULL,NULL,17320,'3031.jpeg  ','3032.jpeg  ',NULL,NULL,7430,'Slim One-Touch Hoop',24750,NULL,'판매중',32),(130,NULL,3,NULL,'2025-02-26 19:46:27','3036.jpeg  ',NULL,NULL,NULL,NULL,NULL,NULL,18120,'3034.jpeg  ','3035.jpeg  ',NULL,NULL,7770,'미니멀 원터치 링',25890,NULL,'판매중',32),(131,NULL,3,NULL,'2025-02-26 19:46:27','3039.jpeg  ',NULL,NULL,NULL,NULL,NULL,NULL,18920,'3037.jpeg  ','3038.jpeg  ',NULL,NULL,8110,'Classic Click Hoop',27030,NULL,'판매중',32),(132,NULL,3,NULL,'2025-02-26 19:46:27','3042.jpeg  ',NULL,NULL,NULL,NULL,NULL,NULL,19710,'3040.jpeg  ','3041.jpeg  ',NULL,NULL,8450,'심플 스퀘어 원터치',28160,NULL,'판매중',32),(133,NULL,3,NULL,'2025-02-26 19:46:27','3045.jpeg  ',NULL,NULL,NULL,NULL,NULL,NULL,20510,'3043.jpeg  ','3044.jpeg  ',NULL,NULL,8790,'Bold One-Touch Earring',29300,NULL,'판매중',32),(134,NULL,3,NULL,'2025-02-26 19:46:27','3048.jpeg  ',NULL,NULL,NULL,NULL,NULL,NULL,21290,'3046.jpeg  ','3047.jpeg  ',NULL,NULL,9130,'트위스트 라운드 원터치',30420,NULL,'판매중',32),(135,NULL,3,NULL,'2025-02-26 19:46:27','3051.jpeg  ',NULL,NULL,NULL,NULL,NULL,NULL,22150,'3049.jpeg  ','3050.jpeg  ',NULL,NULL,9500,'Elegant Snap Hoop',31650,NULL,'판매중',32),(136,NULL,3,NULL,'2025-02-26 19:46:27','3054.jpeg  ',NULL,NULL,NULL,NULL,NULL,NULL,22940,'3052.jpeg  ','3053.jpeg  ',NULL,NULL,9840,'골드 웨이브 원터치',32780,NULL,'판매중',32),(137,NULL,3,NULL,'2025-02-26 19:46:27','3057.jpeg  ',NULL,NULL,NULL,NULL,NULL,NULL,23740,'3055.jpeg  ','3056.jpeg  ',NULL,NULL,10170,'Timeless One-Touch Ring',33910,NULL,'판매중',32),(138,NULL,3,NULL,'2025-02-26 19:46:27','3060.jpeg  ',NULL,NULL,NULL,NULL,NULL,NULL,24530,'3058.jpeg  ','3059.jpeg  ',NULL,NULL,10510,'실버 크로스 원터치',35040,NULL,'판매중',33),(139,NULL,3,NULL,'2025-02-26 19:46:27','3063.jpeg  ',NULL,NULL,NULL,NULL,NULL,NULL,25400,'3061.jpeg  ','3062.jpeg  ',NULL,NULL,10880,'Elegant Drop Earrings',36280,NULL,'판매중',33),(140,NULL,3,NULL,'2025-02-26 19:46:27','3066.jpeg  ',NULL,NULL,NULL,NULL,NULL,NULL,26250,'3064.jpeg  ','3065.jpeg  ',NULL,NULL,11250,'슬림 체인 롱 귀걸이',37500,NULL,'판매중',33),(141,NULL,3,NULL,'2025-02-26 19:46:27','3069.jpeg  ',NULL,NULL,NULL,NULL,NULL,NULL,27240,'3067.jpeg  ','3068.jpeg  ',NULL,NULL,11680,'Twist Dangle Earrings',38920,NULL,'판매중',33),(142,NULL,3,NULL,'2025-02-26 19:46:27','3072.jpeg  ',NULL,NULL,NULL,NULL,NULL,NULL,28100,'3070.jpeg  ','3071.jpeg  ',NULL,NULL,12050,'클래식 펄 드롭',40150,NULL,'판매중',33),(143,NULL,3,NULL,'2025-02-26 19:46:27','3075.jpeg  ',NULL,NULL,NULL,NULL,NULL,NULL,29050,'3073.jpeg  ','3074.jpeg  ',NULL,NULL,12450,'Minimal Bar Long Earrings',41500,NULL,'판매중',33),(144,NULL,3,NULL,'2025-02-26 19:46:27','3078.jpeg  ',NULL,NULL,NULL,NULL,NULL,NULL,29960,'3076.jpeg  ','3077.jpeg  ',NULL,NULL,12840,'골드 체인 롱 이어링',42800,NULL,'판매중',33),(145,NULL,3,NULL,'2025-02-26 19:46:27','3081.jpeg  ',NULL,NULL,NULL,NULL,NULL,NULL,30830,'3079.jpeg  ','3080.jpeg  ',NULL,NULL,13220,'Crystal Swing Earrings',44050,NULL,'판매중',33),(146,NULL,3,NULL,'2025-02-26 19:46:27','3084.jpeg  ',NULL,NULL,NULL,NULL,NULL,NULL,31850,'3082.jpeg  ','3083.jpeg  ',NULL,NULL,13650,'심플 실버 드롭',45500,NULL,'판매중',33),(147,NULL,3,NULL,'2025-02-26 19:46:27','3087.jpeg  ',NULL,NULL,NULL,NULL,NULL,NULL,32760,'3085.jpeg  ','3086.jpeg  ',NULL,NULL,14040,'Timeless Line Earrings',46800,NULL,'판매중',33),(148,NULL,3,NULL,'2025-02-26 19:46:27','3090.jpeg  ',NULL,NULL,NULL,NULL,NULL,NULL,33740,'3088.jpeg  ','3089.jpeg  ',NULL,NULL,14510,'스타 체인 롱 귀걸이',48250,NULL,'판매중',33),(149,NULL,3,NULL,'2025-02-26 19:46:27','3093.jpeg  ',NULL,NULL,NULL,NULL,NULL,NULL,34790,'3091.jpeg  ','3092.jpeg  ',NULL,NULL,14910,'Golden Loop Earrings',49700,NULL,'판매중',34),(150,NULL,3,NULL,'2025-02-26 19:46:27','3096.jpeg  ',NULL,NULL,NULL,NULL,NULL,NULL,35850,'3094.jpeg  ','3095.jpeg  ',NULL,NULL,15350,'슬림 골드 링',51200,NULL,'판매중',34),(151,NULL,3,NULL,'2025-02-26 19:46:27','3099.jpeg  ',NULL,NULL,NULL,NULL,NULL,NULL,36930,'3097.jpeg  ','3098.jpeg  ',NULL,NULL,15820,'Classic Gold Drop',52750,NULL,'판매중',34),(152,NULL,3,NULL,'2025-02-26 19:46:27','3102.jpeg  ',NULL,NULL,NULL,NULL,NULL,NULL,38010,'3100.jpeg  ','3101.jpeg  ',NULL,NULL,16290,'골드 체인 드롭',54300,NULL,'판매중',34),(153,NULL,3,NULL,'2025-02-26 19:46:27','3105.jpeg  ',NULL,NULL,NULL,NULL,NULL,NULL,39100,'3103.jpeg  ','3104.jpeg  ',NULL,NULL,16750,'Minimal Gold Hoop',55850,NULL,'판매중',34),(154,NULL,3,NULL,'2025-02-26 19:46:27','3108.jpeg  ',NULL,NULL,NULL,NULL,NULL,NULL,40200,'3106.jpeg  ','3107.jpeg  ',NULL,NULL,17200,'골드 크로스 이어링',57400,NULL,'판매중',34),(155,NULL,3,NULL,'2025-02-26 19:46:27','3111.jpeg  ',NULL,NULL,NULL,NULL,NULL,NULL,41330,'3109.jpeg  ','3110.jpeg  ',NULL,NULL,17720,'Golden Twist Earrings',59050,NULL,'판매중',34),(156,NULL,3,NULL,'2025-02-26 19:46:27','3114.jpeg  ',NULL,NULL,NULL,NULL,NULL,NULL,42500,'3112.jpeg  ','3113.jpeg  ',NULL,NULL,18200,'심플 골드 바 귀걸이',60700,NULL,'판매중',34),(157,NULL,3,NULL,'2025-02-26 19:46:27','3117.jpeg  ',NULL,NULL,NULL,NULL,NULL,NULL,43720,'3115.jpeg  ','3116.jpeg  ',NULL,NULL,18730,'Timeless Gold Dangle',62450,NULL,'판매중',34),(158,NULL,3,NULL,'2025-02-26 19:46:27','3120.jpeg  ',NULL,NULL,NULL,NULL,NULL,NULL,44940,'3118.jpeg  ','3119.jpeg  ',NULL,NULL,19260,'골드 문 스타 이어링',64200,NULL,'판매중',34),(159,NULL,3,NULL,'2025-02-26 19:46:27','3123.jpeg  ',NULL,NULL,NULL,NULL,NULL,NULL,46240,'3121.jpeg  ','3122.jpeg  ',NULL,NULL,19810,'Silver Loop Earrings',66050,NULL,'판매중',35),(160,NULL,3,NULL,'2025-02-26 19:46:27','3126.jpeg  ',NULL,NULL,NULL,NULL,NULL,NULL,47600,'3124.jpeg  ','3125.jpeg  ',NULL,NULL,20400,'심플 실버 링',68000,NULL,'판매중',35),(161,NULL,3,NULL,'2025-02-26 19:46:27','3129.jpeg  ',NULL,NULL,NULL,NULL,NULL,NULL,49030,'3127.jpeg  ','3128.jpeg  ',NULL,NULL,21020,'Classic Silver Drop',70050,NULL,'판매중',35),(162,NULL,3,NULL,'2025-02-26 19:46:27','3132.jpeg  ',NULL,NULL,NULL,NULL,NULL,NULL,50550,'3130.jpeg  ','3131.jpeg  ',NULL,NULL,21650,'실버 체인 드롭',72200,NULL,'판매중',35),(163,NULL,3,NULL,'2025-02-26 19:46:27','3135.jpeg  ',NULL,NULL,NULL,NULL,NULL,NULL,52090,'3133.jpeg  ','3134.jpeg  ',NULL,NULL,22360,'Minimal Silver Hoop',74450,NULL,'판매중',35),(164,NULL,3,NULL,'2025-02-26 19:46:27','3138.jpeg  ',NULL,NULL,NULL,NULL,NULL,NULL,53760,'3136.jpeg  ','3137.jpeg  ',NULL,NULL,23040,'실버 크로스 이어링',76800,NULL,'판매중',35),(165,NULL,3,NULL,'2025-02-26 19:46:27','3141.jpeg  ',NULL,NULL,NULL,NULL,NULL,NULL,55480,'3139.jpeg  ','3140.jpeg  ',NULL,NULL,23870,'Silver Twist Earrings',79350,NULL,'판매중',35),(166,NULL,3,NULL,'2025-02-26 19:46:27','3144.jpeg  ',NULL,NULL,NULL,NULL,NULL,NULL,57280,'3142.jpeg  ','3143.jpeg  ',NULL,NULL,24720,'미니멀 실버 바 귀걸이',82000,NULL,'판매중',35),(167,NULL,3,NULL,'2025-02-26 19:46:27','3147.jpeg  ',NULL,NULL,NULL,NULL,NULL,NULL,59130,'3145.jpeg  ','3146.jpeg  ',NULL,NULL,25620,'Timeless Silver Dangle',84750,NULL,'판매중',35),(168,NULL,3,NULL,'2025-02-26 19:46:27','3150.jpeg  ',NULL,NULL,NULL,NULL,NULL,NULL,61020,'3148.jpeg  ','3149.jpeg  ',NULL,NULL,26580,'실버 문 스타 이어링',87600,NULL,'판매중',35),(169,NULL,4,NULL,'2025-02-26 19:54:01','4003.jpeg  ',NULL,NULL,NULL,NULL,NULL,NULL,10640,'4001.jpeg  ','4002.jpeg  ',NULL,NULL,4560,'Bold Link Chain Bracelet',15200,NULL,'판매중',41),(170,NULL,4,'4005.jpeg','2025-02-26 19:54:01','4006.jpeg  ',NULL,NULL,NULL,NULL,NULL,NULL,11550,'4004.jpeg  ','4005.jpeg  ',NULL,NULL,4950,'슬림 체인 뱅글',16500,NULL,'판매중',41),(171,NULL,4,'4008.jpeg','2025-02-26 19:54:01','4009.jpeg  ',NULL,NULL,NULL,NULL,NULL,NULL,12488,'4007.jpeg  ','4008.jpeg  ',NULL,NULL,5352,'Classic Oval Chain',17840,NULL,'판매중',41),(172,NULL,4,'4011.jpeg','2025-02-26 19:54:01','4012.jpeg  ',NULL,NULL,NULL,NULL,NULL,NULL,13461,'4010.jpeg  ','4011.jpeg  ',NULL,NULL,5769,'트위스트 체인 팔찌',19230,NULL,'판매중',41),(173,NULL,4,'4014.jpeg','2025-02-26 19:54:01','4015.jpeg  ',NULL,NULL,NULL,NULL,NULL,NULL,14315,'4013.jpeg  ','4014.jpeg  ',NULL,NULL,6135,'Minimal Link Bracelet',20450,NULL,'판매중',41),(174,NULL,4,'4017.jpeg','2025-02-26 19:54:01','4018.jpeg  ',NULL,NULL,NULL,NULL,NULL,NULL,15386,'4016.jpeg  ','4017.jpeg  ',NULL,NULL,6594,'크로스 체인 뱅글',21980,NULL,'판매중',41),(175,NULL,4,'4020.jpeg','2025-02-26 19:54:01','4021.jpeg  ',NULL,NULL,NULL,NULL,NULL,NULL,16170,'4019.jpeg  ','4020.jpeg  ',NULL,NULL,6930,'Eternal Chain Loop',23100,NULL,'판매중',41),(176,NULL,4,'4023.jpeg','2025-02-26 19:54:01','4024.jpeg  ',NULL,NULL,NULL,NULL,NULL,NULL,17200,'4022.jpeg  ','4023.jpeg  ',NULL,NULL,7370,'모던 더블 체인',24570,NULL,'판매중',41),(177,NULL,4,NULL,'2025-02-26 19:54:01','4027.jpeg  ',NULL,NULL,NULL,NULL,NULL,NULL,18060,'4025.jpeg  ','4026.jpeg  ',NULL,NULL,7740,'Signature Chain Cuff',25800,NULL,'판매중',41),(178,NULL,4,NULL,'2025-02-26 19:54:01','4030.jpeg  ',NULL,NULL,NULL,NULL,NULL,NULL,19061,'4028.jpeg  ','4029.jpeg  ',NULL,NULL,8169,'Timeless Layered Chain',27230,NULL,'판매중',41),(179,NULL,4,NULL,'2025-02-26 19:54:01','4033.jpeg  ',NULL,NULL,NULL,NULL,NULL,NULL,19992,'4031.jpeg  ','4032.jpeg  ',NULL,NULL,8568,'Classic Leather Cuff',28560,NULL,'판매중',42),(180,NULL,4,NULL,'2025-02-26 19:54:01','4036.jpeg  ',NULL,NULL,NULL,NULL,NULL,NULL,20944,'4034.jpeg  ','4035.jpeg  ',NULL,NULL,8976,'빈티지 브라운 레더',29920,NULL,'판매중',42),(181,NULL,4,NULL,'2025-02-26 19:54:01','4039.jpeg  ',NULL,NULL,NULL,NULL,NULL,NULL,22050,'4037.jpeg  ','4038.jpeg  ',NULL,NULL,9450,'Minimal Black Leather',31500,NULL,'판매중',42),(182,NULL,4,NULL,'2025-02-26 19:54:01','4042.jpeg  ',NULL,NULL,NULL,NULL,NULL,NULL,23086,'4040.jpeg  ','4041.jpeg  ',NULL,NULL,9894,'트위스트 레더 뱅글',32980,NULL,'판매중',42),(183,NULL,4,NULL,'2025-02-26 19:54:01','4045.jpeg  ',NULL,NULL,NULL,NULL,NULL,NULL,24164,'4043.jpeg  ','4044.jpeg  ',NULL,NULL,10356,'Timeless Leather Wrap',34520,NULL,'판매중',42),(184,NULL,4,NULL,'2025-02-26 19:54:01','4048.jpeg  ',NULL,NULL,NULL,NULL,NULL,NULL,25305,'4046.jpeg  ','4047.jpeg  ',NULL,NULL,10845,'슬림 라인 레더 팔찌',36150,NULL,'판매중',42),(185,NULL,4,NULL,'2025-02-26 19:54:01','4051.jpeg  ',NULL,NULL,NULL,NULL,NULL,NULL,26530,'4049.jpeg  ','4050.jpeg  ',NULL,NULL,11370,'Eternal Knot Leather',37900,NULL,'판매중',42),(186,NULL,4,NULL,'2025-02-26 19:54:01','4054.jpeg  ',NULL,NULL,NULL,NULL,NULL,NULL,27678,'4052.jpeg  ','4053.jpeg  ',NULL,NULL,11862,'모던 레더 체인',39540,NULL,'판매중',42),(187,NULL,4,NULL,'2025-02-26 19:54:01','4057.jpeg  ',NULL,NULL,NULL,NULL,NULL,NULL,28840,'4055.jpeg  ','4056.jpeg  ',NULL,NULL,12360,'Bold Strap Bracelet',41200,NULL,'판매중',42),(188,NULL,4,NULL,'2025-02-26 19:54:01','4060.jpeg  ',NULL,NULL,NULL,NULL,NULL,NULL,30002,'4058.jpeg  ','4059.jpeg  ',NULL,NULL,12858,'Signature Leather Band',42860,NULL,'판매중',42),(189,NULL,4,NULL,'2025-02-26 19:54:01','4063.jpeg  ',NULL,NULL,NULL,NULL,NULL,NULL,31311,'4061.jpeg  ','4062.jpeg  ',NULL,NULL,13419,'Crystal Spark Bangle',44730,NULL,'판매중',43),(190,NULL,4,NULL,'2025-02-26 19:54:01','4066.jpeg  ',NULL,NULL,NULL,NULL,NULL,NULL,32550,'4064.jpeg  ','4065.jpeg  ',NULL,NULL,13950,'심플 큐빅 체인',46500,NULL,'판매중',43),(191,NULL,4,NULL,'2025-02-26 19:54:01','4069.jpeg  ',NULL,NULL,NULL,NULL,NULL,NULL,33789,'4067.jpeg  ','4068.jpeg  ',NULL,NULL,14481,'Timeless Cubic Bracelet',48270,NULL,'판매중',43),(192,NULL,4,NULL,'2025-02-26 19:54:01','4072.jpeg  ',NULL,NULL,NULL,NULL,NULL,NULL,35000,'4070.jpeg  ','4071.jpeg  ',NULL,NULL,15000,'미니멀 큐빅 뱅글',50000,NULL,'판매중',43),(193,NULL,4,NULL,'2025-02-26 19:54:01','4075.jpeg  ',NULL,NULL,NULL,NULL,NULL,NULL,36386,'4073.jpeg  ','4074.jpeg  ',NULL,NULL,15594,'Elegant Gemstone Cuff',51980,NULL,'판매중',43),(194,NULL,4,NULL,'2025-02-26 19:54:01','4078.jpeg  ',NULL,NULL,NULL,NULL,NULL,NULL,37730,'4076.jpeg  ','4077.jpeg  ',NULL,NULL,16170,'트위스트 큐빅 팔찌',53900,NULL,'판매중',43),(195,NULL,4,NULL,'2025-02-26 19:54:01','4081.jpeg  ',NULL,NULL,NULL,NULL,NULL,NULL,39081,'4079.jpeg  ','4080.jpeg  ',NULL,NULL,16749,'Shiny Star Cubic',55830,NULL,'판매중',43),(196,NULL,4,NULL,'2025-02-26 19:54:01','4084.jpeg  ',NULL,NULL,NULL,NULL,NULL,NULL,40460,'4082.jpeg  ','4083.jpeg  ',NULL,NULL,17340,'골드 큐빅 링크',57800,NULL,'판매중',43),(197,NULL,4,NULL,'2025-02-26 19:54:01','4087.jpeg  ',NULL,NULL,NULL,NULL,NULL,NULL,41832,'4085.jpeg  ','4086.jpeg  ',NULL,NULL,17928,'Classic Cubic Charm',59760,NULL,'판매중',43),(198,NULL,4,NULL,'2025-02-26 19:54:01','4090.jpeg  ',NULL,NULL,NULL,NULL,NULL,NULL,43211,'4088.jpeg  ','4089.jpeg  ',NULL,NULL,18519,'Signature Shine Bracelet',61730,NULL,'판매중',43),(199,NULL,4,NULL,'2025-02-26 19:54:01','4093.jpeg  ',NULL,NULL,NULL,NULL,NULL,NULL,44590,'4091.jpeg  ','4092.jpeg  ',NULL,NULL,19110,'Golden Link Bangle',63700,NULL,'판매중',44),(200,NULL,4,NULL,'2025-02-26 19:54:01','4096.jpeg  ',NULL,NULL,NULL,NULL,NULL,NULL,46046,'4094.jpeg  ','4095.jpeg  ',NULL,NULL,19734,'슬림 골드 체인',65780,NULL,'판매중',44),(201,NULL,4,NULL,'2025-02-26 19:54:01','4099.jpeg  ',NULL,NULL,NULL,NULL,NULL,NULL,47495,'4097.jpeg  ','4098.jpeg  ',NULL,NULL,20355,'Classic Gold Cuff',67850,NULL,'판매중',44),(202,NULL,4,NULL,'2025-02-26 19:54:01','4102.jpeg  ',NULL,NULL,NULL,NULL,NULL,NULL,48874,'4100.jpeg  ','4101.jpeg  ',NULL,NULL,20946,'골드 트위스트 뱅글',69820,NULL,'판매중',44),(203,NULL,4,NULL,'2025-02-26 19:54:01','4105.jpeg  ',NULL,NULL,NULL,NULL,NULL,NULL,50330,'4103.jpeg  ','4104.jpeg  ',NULL,NULL,21570,'Minimal Gold Bracelet',71900,NULL,'판매중',44),(204,NULL,4,NULL,'2025-02-26 19:54:01','4108.jpeg  ',NULL,NULL,NULL,NULL,NULL,NULL,51779,'4106.jpeg  ','4107.jpeg  ',NULL,NULL,22191,'Timeless Gold Chain',73970,NULL,'판매중',44),(205,NULL,4,NULL,'2025-02-26 19:54:01','4111.jpeg  ',NULL,NULL,NULL,NULL,NULL,NULL,53258,'4109.jpeg  ','4110.jpeg  ',NULL,NULL,22682,'Bold Gold Statement',75940,NULL,'판매중',44),(206,NULL,4,NULL,'2025-02-26 19:54:01','4114.jpeg  ',NULL,NULL,NULL,NULL,NULL,NULL,54614,'4112.jpeg  ','4113.jpeg  ',NULL,NULL,23406,'골드 하트 팔찌',78020,NULL,'판매중',44),(207,NULL,4,NULL,'2025-02-26 19:54:01','4117.jpeg  ',NULL,NULL,NULL,NULL,NULL,NULL,56000,'4115.jpeg  ','4116.jpeg  ',NULL,NULL,24000,'Elegant Gold Loop',80000,NULL,'판매중',44),(208,NULL,4,NULL,'2025-02-26 19:54:01','4120.jpeg  ',NULL,NULL,NULL,NULL,NULL,NULL,57435,'4118.jpeg  ','4119.jpeg  ',NULL,NULL,24615,'Signature Gold Wrap',82050,NULL,'판매중',44),(209,NULL,4,NULL,'2025-02-26 19:54:01','4123.jpeg  ',NULL,NULL,NULL,NULL,NULL,NULL,58870,'4121.jpeg  ','4122.jpeg  ',NULL,NULL,25230,'Silver Wave Bracelet',84100,NULL,'판매중',45),(210,NULL,4,NULL,'2025-02-26 19:54:01','4126.jpeg  ',NULL,NULL,NULL,NULL,NULL,NULL,60361,'4124.jpeg  ','4125.jpeg  ',NULL,NULL,25869,'미니멀 실버 체인',86230,NULL,'판매중',45),(211,NULL,4,NULL,'2025-02-26 19:54:01','4129.jpeg  ',NULL,NULL,NULL,NULL,NULL,NULL,61845,'4127.jpeg  ','4128.jpeg  ',NULL,NULL,26505,'Classic Silver Cuff',88350,NULL,'판매중',45),(212,NULL,4,NULL,'2025-02-26 19:54:01','4132.jpeg  ',NULL,NULL,NULL,NULL,NULL,NULL,63336,'4130.jpeg  ','4131.jpeg  ',NULL,NULL,27144,'실버 트위스트 뱅글',90480,NULL,'판매중',45),(213,NULL,4,NULL,'2025-02-26 19:54:01','4135.jpeg  ',NULL,NULL,NULL,NULL,NULL,NULL,64820,'4133.jpeg  ','4134.jpeg  ',NULL,NULL,27780,'Timeless Silver Link',92600,NULL,'판매중',45),(214,NULL,4,NULL,'2025-02-26 19:54:01','4138.jpeg  ',NULL,NULL,NULL,NULL,NULL,NULL,66304,'4136.jpeg  ','4137.jpeg  ',NULL,NULL,28416,'Bold Silver Charm',94720,NULL,'판매중',45),(215,NULL,4,NULL,'2025-02-26 19:54:01','4141.jpeg  ',NULL,NULL,NULL,NULL,NULL,NULL,67795,'4139.jpeg  ','4140.jpeg  ',NULL,NULL,29055,'Elegant Silver Knot',96850,NULL,'판매중',45),(216,NULL,4,NULL,'2025-02-26 19:54:01','4144.jpeg  ',NULL,NULL,NULL,NULL,NULL,NULL,69300,'4142.jpeg  ','4143.jpeg  ',NULL,NULL,29700,'슬림 실버 뱅글',99000,NULL,'판매중',45),(217,NULL,4,NULL,'2025-02-26 19:54:01','4147.jpeg  ',NULL,NULL,NULL,NULL,NULL,NULL,18060,'4145.jpeg  ','4146.jpeg  ',NULL,NULL,18090,'Shiny Silver Wrap',36150,NULL,'판매중',45),(218,NULL,4,'4149.jpeg','2025-02-26 19:54:01','4150.jpeg  ',NULL,NULL,NULL,NULL,NULL,NULL,19061,'4148.jpeg  ','4149.jpeg  ',NULL,NULL,18839,'Signature Silver Band',37900,NULL,'판매중',45);
/*!40000 ALTER TABLE `product` ENABLE KEYS */;
UNLOCK TABLES;

--
-- Table structure for table `product_category_mapping`
--

DROP TABLE IF EXISTS `product_category_mapping`;
/*!40101 SET @saved_cs_client     = @@character_set_client */;
/*!50503 SET character_set_client = utf8mb4 */;
CREATE TABLE `product_category_mapping` (
  `productseq` int NOT NULL,
  `category_id` int NOT NULL,
  KEY `FKkno6c0bmjrexhf13w8t9ghjvh` (`category_id`),
  KEY `FKd4sl8dqhtfis0gdiia2l5tm3c` (`productseq`),
  CONSTRAINT `FKd4sl8dqhtfis0gdiia2l5tm3c` FOREIGN KEY (`productseq`) REFERENCES `product` (`productseq`),
  CONSTRAINT `FKkno6c0bmjrexhf13w8t9ghjvh` FOREIGN KEY (`category_id`) REFERENCES `categories` (`category_id`)
) ENGINE=InnoDB DEFAULT CHARSET=utf8mb4 COLLATE=utf8mb4_0900_ai_ci;
/*!40101 SET character_set_client = @saved_cs_client */;

--
-- Dumping data for table `product_category_mapping`
--

LOCK TABLES `product_category_mapping` WRITE;
/*!40000 ALTER TABLE `product_category_mapping` DISABLE KEYS */;
INSERT INTO `product_category_mapping` VALUES (19,11),(20,11),(21,11),(22,11),(23,11),(24,11),(25,11),(26,11),(27,11),(28,11),(29,12),(30,12),(31,12),(32,12),(33,12),(34,12),(35,12),(36,12),(37,12),(38,12),(39,13),(40,13),(41,13),(42,13),(43,13),(44,13),(45,13),(46,13),(47,13),(48,13),(49,14),(50,14),(51,14),(52,14),(53,14),(54,14),(55,14),(56,14),(57,14),(58,14),(59,15),(60,15),(61,15),(62,15),(63,15),(64,15),(65,15),(66,15),(67,15),(68,15),(69,21),(70,21),(71,21),(72,21),(73,21),(74,21),(75,21),(76,21),(77,21),(78,21),(79,22),(80,22),(81,22),(82,22),(83,22),(84,22),(85,22),(86,22),(87,22),(88,22),(89,23),(90,23),(91,23),(92,23),(93,23),(94,23),(95,23),(96,23),(97,23),(98,23),(99,24),(100,24),(101,24),(102,24),(103,24),(104,24),(105,24),(106,24),(107,24),(108,24),(109,24),(110,25),(111,25),(112,25),(113,25),(114,25),(115,25),(116,25),(117,25),(118,25),(119,31),(120,31),(121,31),(122,31),(123,31),(124,31),(125,31),(126,31),(127,31),(128,31),(129,32),(130,32),(131,32),(132,32),(133,32),(134,32),(135,32),(136,32),(137,32),(138,32),(139,33),(140,33),(141,33),(142,33),(143,33),(144,33),(145,33),(146,33),(147,33),(148,33),(149,34),(150,34),(151,34),(152,34),(153,34),(154,34),(155,34),(156,34),(157,34),(158,34),(159,35),(160,35),(161,35),(162,35),(163,35),(164,35),(165,35),(166,35),(167,35),(168,35),(169,41),(170,41),(171,41),(172,41),(173,41),(174,41),(175,41),(176,41),(177,41),(178,41),(179,42),(180,42),(181,42),(182,42),(183,42),(184,42),(185,42),(186,42),(187,42),(188,42),(189,43),(190,43),(191,43),(192,43),(193,43),(194,43),(195,43),(196,43),(197,43),(198,43),(199,44),(200,44),(201,44),(202,44),(203,44),(204,44),(205,44),(206,44),(207,44),(208,44),(209,45),(210,45),(211,45),(212,45),(213,45),(214,45),(215,45),(216,45),(217,45),(218,45);
/*!40000 ALTER TABLE `product_category_mapping` ENABLE KEYS */;
UNLOCK TABLES;

--
-- Table structure for table `product_like`
--

DROP TABLE IF EXISTS `product_like`;
/*!40101 SET @saved_cs_client     = @@character_set_client */;
/*!50503 SET character_set_client = utf8mb4 */;
CREATE TABLE `product_like` (
  `likeseq` int NOT NULL AUTO_INCREMENT,
  `memberid` varchar(50) DEFAULT NULL,
  `productseq` int DEFAULT NULL,
  PRIMARY KEY (`likeseq`),
  KEY `FKlx48f8irvxf552tg975y6cny` (`memberid`),
  KEY `FKofbgmy0saylday1vrk2scs9xl` (`productseq`),
  CONSTRAINT `FKlx48f8irvxf552tg975y6cny` FOREIGN KEY (`memberid`) REFERENCES `member` (`memberid`),
  CONSTRAINT `FKofbgmy0saylday1vrk2scs9xl` FOREIGN KEY (`productseq`) REFERENCES `product` (`productseq`)
) ENGINE=InnoDB AUTO_INCREMENT=18 DEFAULT CHARSET=utf8mb4 COLLATE=utf8mb4_0900_ai_ci;
/*!40101 SET character_set_client = @saved_cs_client */;

--
-- Dumping data for table `product_like`
--

LOCK TABLES `product_like` WRITE;
/*!40000 ALTER TABLE `product_like` DISABLE KEYS */;
INSERT INTO `product_like` VALUES (1,'beloved',19),(2,'beloved',24),(3,'beloved',20),(4,'yong',175),(5,'yong',22),(7,'yong',20),(8,'3934694206',19),(9,'3934694206',24),(11,'scott',19),(12,'scott',24),(13,'3934694206',23),(14,'bbb',19),(15,'bbb',24),(16,'bbb',20),(17,'3934694206',218);
/*!40000 ALTER TABLE `product_like` ENABLE KEYS */;
UNLOCK TABLES;

--
-- Table structure for table `product_option`
--

DROP TABLE IF EXISTS `product_option`;
/*!40101 SET @saved_cs_client     = @@character_set_client */;
/*!50503 SET character_set_client = utf8mb4 */;
CREATE TABLE `product_option` (
  `id` int NOT NULL AUTO_INCREMENT,
  `size_value` varchar(255) NOT NULL,
  PRIMARY KEY (`id`),
  UNIQUE KEY `UKnltrjceqcx6dgtnph0jrvoghh` (`size_value`)
) ENGINE=InnoDB AUTO_INCREMENT=13 DEFAULT CHARSET=utf8mb4 COLLATE=utf8mb4_0900_ai_ci;
/*!40101 SET character_set_client = @saved_cs_client */;

--
-- Dumping data for table `product_option`
--

LOCK TABLES `product_option` WRITE;
/*!40000 ALTER TABLE `product_option` DISABLE KEYS */;
INSERT INTO `product_option` VALUES (1,'10호'),(2,'11호'),(3,'12호'),(10,'17cm'),(11,'18cm'),(12,'19cm'),(4,'40cm'),(5,'41cm'),(6,'42cm'),(7,'골드'),(9,'로즈골드'),(8,'실버');
/*!40000 ALTER TABLE `product_option` ENABLE KEYS */;
UNLOCK TABLES;

--
-- Table structure for table `product_option_mapping`
--

DROP TABLE IF EXISTS `product_option_mapping`;
/*!40101 SET @saved_cs_client     = @@character_set_client */;
/*!50503 SET character_set_client = utf8mb4 */;
CREATE TABLE `product_option_mapping` (
  `id` int NOT NULL AUTO_INCREMENT,
  `option_size_id` int NOT NULL,
  `productseq` int NOT NULL,
  PRIMARY KEY (`id`),
  UNIQUE KEY `UKb1kcqvlijbbq31yyk6k95pl0b` (`productseq`,`option_size_id`),
  KEY `FKajfo6tibnjoqxo9j7mr95jsvt` (`option_size_id`),
  CONSTRAINT `FKajfo6tibnjoqxo9j7mr95jsvt` FOREIGN KEY (`option_size_id`) REFERENCES `product_option` (`id`),
  CONSTRAINT `FKfirkejy0rv5ud0bxj28b92lux` FOREIGN KEY (`productseq`) REFERENCES `product` (`productseq`)
) ENGINE=InnoDB AUTO_INCREMENT=49 DEFAULT CHARSET=utf8mb4 COLLATE=utf8mb4_0900_ai_ci;
/*!40101 SET character_set_client = @saved_cs_client */;

--
-- Dumping data for table `product_option_mapping`
--

LOCK TABLES `product_option_mapping` WRITE;
/*!40000 ALTER TABLE `product_option_mapping` DISABLE KEYS */;
INSERT INTO `product_option_mapping` VALUES (1,1,1),(2,2,1),(3,3,1),(4,1,2),(5,2,2),(6,3,2),(7,1,3),(8,2,3),(9,3,3),(10,1,4),(11,2,4),(12,3,4),(13,1,5),(14,2,5),(15,3,5),(16,1,6),(17,2,6),(18,3,6),(19,1,7),(20,2,7),(21,3,7),(22,1,8),(23,2,8),(24,3,8),(25,1,9),(26,2,9),(27,3,9),(28,1,10),(29,2,10),(30,3,10),(31,1,11),(32,2,11),(33,3,11),(34,1,12),(35,2,12),(36,3,12),(37,1,13),(38,2,13),(39,3,13),(40,1,14),(41,2,14),(42,3,14),(43,1,15),(44,2,15),(45,3,15),(46,1,16),(47,2,16),(48,3,16);
/*!40000 ALTER TABLE `product_option_mapping` ENABLE KEYS */;
UNLOCK TABLES;

--
-- Table structure for table `qna`
--

DROP TABLE IF EXISTS `qna`;
/*!40101 SET @saved_cs_client     = @@character_set_client */;
/*!50503 SET character_set_client = utf8mb4 */;
CREATE TABLE `qna` (
  `qnaseq` int NOT NULL AUTO_INCREMENT,
  `content` varchar(1000) NOT NULL,
  `guest_name` varchar(50) DEFAULT NULL,
  `indate` datetime(6) NOT NULL,
  `pass` varchar(100) DEFAULT NULL,
  `reply` varchar(500) DEFAULT NULL,
  `security` varchar(5) NOT NULL DEFAULT 'N',
  `subject` varchar(100) NOT NULL,
  `memberid` varchar(50) DEFAULT NULL,
  PRIMARY KEY (`qnaseq`),
  KEY `FKplt61suhmu5fcv9u833f5tsdp` (`memberid`),
  CONSTRAINT `FKplt61suhmu5fcv9u833f5tsdp` FOREIGN KEY (`memberid`) REFERENCES `member` (`memberid`)
) ENGINE=InnoDB AUTO_INCREMENT=11 DEFAULT CHARSET=utf8mb4 COLLATE=utf8mb4_0900_ai_ci;
/*!40101 SET character_set_client = @saved_cs_client */;

--
-- Dumping data for table `qna`
--

LOCK TABLES `qna` WRITE;
/*!40000 ALTER TABLE `qna` DISABLE KEYS */;
INSERT INTO `qna` VALUES (1,'aaaaaa',NULL,'2025-03-02 03:05:04.734703','1234','ㅇㅇㅇㅇㅇㅇㅇㅇㅇㅇㅇㅇㅇㅇ','Y','ㅁㅁㅁㅁㅁ','beloved1031'),(2,'gfdgfdgfd',NULL,'2025-03-02 03:27:00.568862','5555','ㄹㄹㄹㄹㄹㄹㄹㄹㄹㄹㄹㄹㄹㄹㄹㄹㄹㄹㄹㄹ','Y','재고 언제 들어와요?','3934694206'),(3,'소재 알려주세요',NULL,'2025-03-02 16:52:59.692980','1234','딱 보면 몰라?','Y','소재 알려주세요','beloved'),(4,'asdasdasdsad',NULL,'2025-03-02 20:04:17.464922','1234','조용조용!!','Y','ㅁㄴㅇㅁㄴㅇㄴㅁㅇㄴㅁㅇ','yong'),(5,'ㅁㄴㅇㅁㄴㅇ',NULL,'2025-03-02 21:16:05.830479','1234','asdasdad','Y','ㅁㄴㅇㅁㄴㅇ','3934694206'),(6,'ㅁㅁㅁㅁㅁㅁㅁㅁㅁㅁ',NULL,'2025-03-02 22:56:56.457952','','뭐가 문제야?','N','이게 뭐야','3934694206'),(7,'asdfasdfasdfdsafdasfdsaf',NULL,'2025-03-03 16:40:08.154660','1234','asdfasdfdsafsadfsaf','Y','ㅁㄴㅇㄹㄴㅇㄹㅇㅁㄴㄹㅇㅁㄴㄹ','bbb'),(8,'ㅁㅇㄹㄴㅇㄹㅇㅁㄴㄹㅇㅁㄴㄹ',NULL,'2025-03-03 16:45:41.234234','','ㅁㄴㅇㄻㄴㅇㄻㄴㅇㄻㄴㅇㄹㅇㅁㄴㄹ','N','123123123123123','3934694206'),(9,'소재가 뭐죠',NULL,'2025-03-03 17:49:21.826705','','글쌔요?','N','소재가 뭐죠','scott'),(10,'소재가 뭐에요?',NULL,'2025-03-03 17:52:01.865040','','한번 알아볼게용','N','소개자 뭘까요?','3934694206');
/*!40000 ALTER TABLE `qna` ENABLE KEYS */;
UNLOCK TABLES;

--
-- Table structure for table `review`
--

DROP TABLE IF EXISTS `review`;
/*!40101 SET @saved_cs_client     = @@character_set_client */;
/*!50503 SET character_set_client = utf8mb4 */;
CREATE TABLE `review` (
  `reviewseq` int NOT NULL AUTO_INCREMENT,
  `indate` datetime NOT NULL DEFAULT CURRENT_TIMESTAMP,
  `reviewcontent` varchar(255) DEFAULT NULL,
  `reviewimage` varchar(255) DEFAULT NULL,
  `reviewimage1` varchar(255) DEFAULT NULL,
  `reviewimage2` varchar(255) DEFAULT NULL,
  `reviewrating` int NOT NULL,
  `memberid` varchar(50) DEFAULT NULL,
  `productseq` int DEFAULT NULL,
  `orderseq` int NOT NULL,
  `orders_detail_seq` int DEFAULT NULL,
  PRIMARY KEY (`reviewseq`),
  KEY `FK_review_member` (`memberid`),
  KEY `FKpu8h8iht74suepstj1kjpxvoe` (`productseq`),
  KEY `FK_review_orders_detail` (`orders_detail_seq`),
  CONSTRAINT `FK_review_member` FOREIGN KEY (`memberid`) REFERENCES `member` (`memberid`),
  CONSTRAINT `FK_review_orders_detail` FOREIGN KEY (`orders_detail_seq`) REFERENCES `orders_detail` (`orders_detail_seq`),
  CONSTRAINT `FKpu8h8iht74suepstj1kjpxvoe` FOREIGN KEY (`productseq`) REFERENCES `product` (`productseq`)
) ENGINE=InnoDB AUTO_INCREMENT=1006 DEFAULT CHARSET=utf8mb4 COLLATE=utf8mb4_0900_ai_ci;
/*!40101 SET character_set_client = @saved_cs_client */;

--
-- Dumping data for table `review`
--

LOCK TABLES `review` WRITE;
/*!40000 ALTER TABLE `review` DISABLE KEYS */;
INSERT INTO `review` VALUES (1,'2025-02-27 10:53:40','빛에 따라 반짝이는 게 너무 예뻐요! 데일리로 딱이에요.','1004.jpeg','1007.jpeg',NULL,3,'test',32,0,NULL),(2,'2025-02-27 11:25:39','심플하면서도 고급스러운 느낌이 좋아요. 만족합니다.',NULL,NULL,NULL,4,'2kohbjpf',60,0,NULL),(3,'2025-02-27 11:25:39','손가락에 착 감기는 핏이 정말 마음에 들어요!','1001.jpeg','1003.jpeg',NULL,4,'4duao8tl',51,0,NULL),(4,'2025-02-27 11:25:39','사진보다 실물이 더 예뻐요. 선물용으로도 강추!',NULL,NULL,NULL,2,'4onz5n',65,0,NULL),(5,'2025-02-27 11:25:39','반짝거림이 너무 과하지 않아서 오피스룩에도 잘 어울려요.','1005.jpeg','1004.jpeg',NULL,3,'56w333311',28,0,NULL),(6,'2025-02-27 11:25:39','기대 이상으로 예뻐요! 손이 예뻐 보이는 디자인이에요.',NULL,NULL,NULL,5,'5e3adc',64,0,NULL),(7,'2025-02-27 11:25:39','생각보다 가볍고 편해요. 오래 끼고 있어도 부담 없어요.','1014.jpeg','1016.jpeg',NULL,5,'5w5cv6oc543',62,0,NULL),(8,'2025-02-27 11:25:39','퀄리티가 좋아서 데일리 반지로 딱이에요.',NULL,NULL,NULL,4,'5ypeven8',20,0,NULL),(9,'2025-02-27 11:25:39','유행 타지 않는 디자인이라 오래 착용할 수 있을 것 같아요.',NULL,NULL,NULL,5,'613olx6add5',22,0,NULL),(10,'2025-02-27 11:25:39','선물 받았는데 너무 만족해요! 친구들도 예쁘다고 난리네요.',NULL,NULL,NULL,4,'69y8nwok',27,0,NULL),(11,'2025-02-27 11:25:39','깔끔하면서도 포인트 되는 디자인이라 손이 자꾸 가요.',NULL,NULL,NULL,5,'6i7c0w7',59,0,NULL),(12,'2025-02-27 11:25:39','디자인이 고급스러워 보여요. 가격 대비 퀄리티 좋아요.',NULL,NULL,NULL,5,'6noror',19,0,NULL),(13,'2025-02-27 11:25:39','어느 옷이든 잘 어울려서 코디하기 쉬워요.',NULL,NULL,NULL,4,'736kfg',23,0,NULL),(14,'2025-02-27 11:25:39','너무 튀지 않으면서 은은하게 포인트가 돼서 좋아요.','1008.jpeg',NULL,NULL,4,'7sa59qnk75d',68,0,NULL),(15,'2025-02-27 11:25:39','실버 컬러가 세련되고 깔끔해요. 반짝임도 예뻐요.','1019.jpeg','1020.jpeg',NULL,5,'7uqeg5429',38,0,NULL),(16,'2025-02-27 11:25:39','조명 아래에서 볼 때 반짝임이 정말 예뻐요.','1004.jpeg','1007.jpeg',NULL,5,'85g8jzo',25,0,NULL),(17,'2025-02-27 11:25:39','여성스러우면서도 모던한 디자인이라 만족합니다.',NULL,NULL,NULL,3,'8hwbnabm',33,0,NULL),(18,'2025-02-27 11:25:39','착용감이 좋아서 오래 끼고 있어도 불편하지 않아요.','1001.jpeg','1003.jpeg',NULL,5,'9t7v7ysbeb',30,0,NULL),(19,'2025-02-27 11:25:39','얇지만 존재감 있는 디자인이라 만족스러워요.',NULL,NULL,NULL,5,'a85w18',63,0,NULL),(20,'2025-02-27 11:25:39','기본템으로 꼭 있어야 하는 반지라고 생각해요.','1005.jpeg','1004.jpeg',NULL,5,'aewris5w913',24,0,NULL),(21,'2025-02-27 11:25:39','선물했는데 너무 좋아해서 뿌듯했어요.',NULL,NULL,NULL,5,'bdb93suo',27,0,NULL),(22,'2025-02-27 11:25:39','깔끔한 디자인이라 어느 스타일에도 잘 어울려요.','1014.jpeg','1016.jpeg',NULL,3,'dab5c30uljiv',64,0,NULL),(23,'2025-02-27 11:25:39','적당히 화려하고 고급스러운 느낌이 있어요.',NULL,NULL,NULL,5,'erin5g9',39,0,NULL),(24,'2025-02-27 11:25:39','손이 작아 보이는 효과가 있어서 너무 좋아요!',NULL,NULL,NULL,4,'f4dpyqt',51,0,NULL),(25,'2025-02-27 11:25:39','고급스러운 느낌이 있어서 데이트룩에도 좋아요.',NULL,NULL,NULL,5,'f7gvm9qrwyb6',64,0,NULL),(26,'2025-02-27 11:25:39','적당한 반짝임과 무게감이 있어서 더 만족해요.',NULL,NULL,NULL,4,'fjoaljlq',39,0,NULL),(27,'2025-02-27 11:25:39','데일리 반지로 딱 좋은 디자인이에요!',NULL,NULL,NULL,5,'gz4c4p',31,0,NULL),(28,'2025-02-27 11:25:39','생각보다 사이즈 조절이 쉬워서 좋아요.',NULL,NULL,NULL,5,'imvfcbijmbee',21,0,NULL),(29,'2025-02-27 11:25:39','깔끔하면서도 우아한 디자인이라 자꾸 보게 돼요.','1008.jpeg',NULL,NULL,4,'j0mxmt',57,0,NULL),(30,'2025-02-27 11:25:39','착용했을 때 자연스럽게 어울리는 게 마음에 들어요.','1019.jpeg','1020.jpeg',NULL,5,'jy0yp9x',27,0,NULL),(31,'2025-02-27 11:25:39','사진보다 실물이 훨씬 예뻐요. 만족합니다.','1004.jpeg','1007.jpeg',NULL,5,'k5kyqh',28,0,NULL),(32,'2025-02-27 11:25:39','너무 과하지 않은 디자인이라 부담 없이 착용할 수 있어요.',NULL,NULL,NULL,3,'krfdi2',47,0,NULL),(33,'2025-02-27 11:25:39','유니크하면서도 데일리로 끼기 좋은 디자인이에요.','1001.jpeg','1003.jpeg',NULL,4,'lo59feup0md',43,0,NULL),(34,'2025-02-27 11:25:39','손에 착 감기는 느낌이 좋고, 착용감이 부드러워요.',NULL,NULL,NULL,5,'mrsh15561pw',61,0,NULL),(35,'2025-02-27 11:25:39','모든 각도에서 예뻐 보이는 반지예요!','1005.jpeg','1004.jpeg',NULL,5,'mu1ceroj32wz',45,0,NULL),(36,'2025-02-27 11:25:39','선물했는데 반응이 너무 좋아서 기분이 좋았어요.',NULL,NULL,NULL,5,'my2o7xb954',68,0,NULL),(37,'2025-02-27 11:25:39','작지만 존재감이 확실한 디자인이라 만족해요.','1014.jpeg','1016.jpeg',NULL,4,'nt20etl4p6mq',65,0,NULL),(38,'2025-02-27 11:25:39','얇은 라인이지만 세련된 느낌이 있어서 좋아요.',NULL,NULL,NULL,5,'pcjro43e',38,0,NULL),(39,'2025-02-27 11:25:39','다른 반지와 레이어드하기 좋아서 손이 예뻐 보여요.',NULL,NULL,NULL,5,'q46l3ietp8',38,0,NULL),(40,'2025-02-27 11:25:39','심플한데 포인트가 되는 디자인이라 마음에 들어요.',NULL,NULL,NULL,5,'qc8bweu',43,0,NULL),(41,'2025-02-27 11:25:39','착용감이 편안하고 디자인도 고급스러워요.',NULL,NULL,NULL,5,'qmhx4m',31,0,NULL),(42,'2025-02-27 11:25:39','빛에 따라 반짝이는 게 너무 예뻐서 기분 좋아져요.',NULL,NULL,NULL,3,'rig2a1jswr',62,0,NULL),(43,'2025-02-27 11:25:39','정말 예뻐요. 생각보다 더 마음에 들어요.',NULL,NULL,NULL,4,'sk8t54bmeg',30,0,NULL),(44,'2025-02-27 11:25:39','손가락이 길어 보이는 디자인이라 만족합니다.','1008.jpeg',NULL,NULL,5,'test',33,0,NULL),(45,'2025-02-27 11:25:39','사진보다 실물이 훨씬 세련되고 예뻐요.','1019.jpeg','1020.jpeg',NULL,4,'tlemkwqn',31,0,NULL),(46,'2025-02-27 11:25:39','데일리로 편하게 착용할 수 있어서 좋아요.','1004.jpeg','1007.jpeg',NULL,5,'v0uoli',57,0,NULL),(47,'2025-02-27 11:25:39','깔끔하면서도 세련된 느낌이라 어디에든 어울려요.',NULL,NULL,NULL,5,'vfs6u3',56,0,NULL),(48,'2025-02-27 11:25:39','선물했더니 너무 좋아해서 뿌듯했어요.','1001.jpeg','1003.jpeg',NULL,5,'xxw8gm',68,0,NULL),(49,'2025-02-27 11:25:39','생각보다 가볍고 편해요. 오래 끼고 있어도 부담 없어요.',NULL,NULL,NULL,4,'y4ql31gfw',42,0,NULL),(50,'2025-02-27 11:25:39','퀄리티가 좋아서 데일리 반지로 딱이에요.','1005.jpeg','1004.jpeg',NULL,5,'zgo0j3',67,0,NULL),(51,'2025-02-27 11:32:29','빛에 따라 반짝이는 모습이 너무 고급스러워요.',NULL,NULL,NULL,5,'znkn5egs71vv',43,0,NULL),(52,'2025-02-27 11:32:29','디자인이 심플하면서도 우아한 느낌이 있어요.','1014.jpeg','1016.jpeg',NULL,5,'zsil1ebv7qqu',60,0,NULL),(53,'2025-02-27 11:32:29','손가락이 길어 보이는 효과가 있어서 만족합니다.',NULL,NULL,NULL,4,'1e5nwer89tlr',55,0,NULL),(54,'2025-02-27 11:32:29','사진보다 실물이 훨씬 예쁘고 세련돼 보여요.',NULL,NULL,NULL,5,'2kohbjpf',47,0,NULL),(55,'2025-02-27 11:32:29','반짝거림이 부담스럽지 않고 자연스러워서 좋아요.',NULL,NULL,NULL,5,'4duao8tl',34,0,NULL),(56,'2025-02-27 11:32:29','오랜 시간 착용해도 편안한 착용감이 좋네요.',NULL,NULL,NULL,2,'4onz5n',47,0,NULL),(57,'2025-02-27 11:32:29','유니크하면서도 데일리로 착용하기 좋은 디자인이에요.',NULL,NULL,NULL,2,'56w333311',60,0,NULL),(58,'2025-02-27 11:32:29','너무 크지도 작지도 않아서 손에 딱 맞아요.',NULL,NULL,NULL,5,'5e3adc',50,0,NULL),(59,'2025-02-27 11:32:29','반지 하나만 껴도 존재감이 확실해요.','1008.jpeg',NULL,NULL,4,'5w5cv6oc543',20,0,NULL),(60,'2025-02-27 11:32:29','어떤 옷이든 잘 어울려서 코디하기 쉬워요.','1019.jpeg','1020.jpeg',NULL,5,'5ypeven8',47,0,NULL),(61,'2025-02-27 11:32:29','여성스러우면서도 세련된 분위기가 느껴져요.','1004.jpeg','1007.jpeg',NULL,1,'613olx6add5',33,0,NULL),(62,'2025-02-27 11:32:29','무광과 유광이 적절히 섞여 있어서 멋스러워요.',NULL,NULL,NULL,5,'69y8nwok',20,0,NULL),(63,'2025-02-27 11:32:29','착용했을 때 손이 더욱 예뻐 보이는 디자인이에요.','1001.jpeg','1003.jpeg',NULL,3,'6i7c0w7',27,0,NULL),(64,'2025-02-27 11:32:29','가격 대비 퀄리티가 너무 좋아서 만족합니다.',NULL,NULL,NULL,4,'6noror',33,0,NULL),(65,'2025-02-27 11:32:29','다른 반지랑 레이어드해서 착용해도 너무 예뻐요.','1005.jpeg','1004.jpeg',NULL,4,'736kfg',59,0,NULL),(66,'2025-02-27 11:32:29','반짝이는 정도가 딱 적당해서 부담스럽지 않아요.',NULL,NULL,NULL,4,'7sa59qnk75d',36,0,NULL),(67,'2025-02-27 11:32:29','손에 착 감기는 느낌이 너무 좋아요.','1014.jpeg','1016.jpeg',NULL,3,'7uqeg5429',32,0,NULL),(68,'2025-02-27 11:32:29','착용감이 좋아서 끼고 있는지도 모를 정도예요.',NULL,NULL,NULL,4,'85g8jzo',50,0,NULL),(69,'2025-02-27 11:32:29','은은한 광택이 있어서 손이 화사해 보여요.',NULL,NULL,NULL,5,'8hwbnabm',39,0,NULL),(70,'2025-02-27 11:32:29','작은 디테일까지 신경 쓴 디자인이 마음에 들어요.',NULL,NULL,NULL,4,'9t7v7ysbeb',19,0,NULL),(71,'2025-02-27 11:32:29','크기가 너무 크지 않아서 데일리로 착용하기 좋아요.',NULL,NULL,NULL,5,'a85w18',46,0,NULL),(72,'2025-02-27 11:32:29','고급스러운 느낌이 있어서 선물용으로도 좋아요.',NULL,NULL,NULL,3,'aewris5w913',53,0,NULL),(73,'2025-02-27 11:32:29','빛을 받을 때마다 반짝이는 모습이 예술이에요.',NULL,NULL,NULL,5,'bdb93suo',51,0,NULL),(74,'2025-02-27 11:32:29','손가락이 가늘어 보이는 효과가 있어요.','1008.jpeg',NULL,NULL,3,'dab5c30uljiv',51,0,NULL),(75,'2025-02-27 11:32:29','심플한데 고급스러워서 오래 착용할 수 있을 것 같아요.','1019.jpeg','1020.jpeg',NULL,2,'erin5g9',44,0,NULL),(76,'2025-02-27 11:32:29','반지의 곡선이 부드러워서 착용감이 좋아요.','1004.jpeg','1007.jpeg',NULL,4,'f4dpyqt',67,0,NULL),(77,'2025-02-27 11:32:29','시간이 지나도 질리지 않을 디자인이에요.',NULL,NULL,NULL,4,'f7gvm9qrwyb6',26,0,NULL),(78,'2025-02-27 11:32:29','다양한 스타일과 잘 어울려서 활용도가 높아요.','1001.jpeg','1003.jpeg',NULL,5,'fjoaljlq',39,0,NULL),(79,'2025-02-27 11:32:29','특별한 날에도 잘 어울릴 것 같은 분위기에요.',NULL,NULL,NULL,5,'gz4c4p',45,0,NULL),(80,'2025-02-27 11:32:29','사진보다 실물이 훨씬 더 예뻐서 놀랐어요.','1005.jpeg','1004.jpeg',NULL,4,'imvfcbijmbee',63,0,NULL),(81,'2025-02-27 11:32:29','은은한 포인트가 있어서 심심하지 않아요.',NULL,NULL,NULL,4,'j0mxmt',47,0,NULL),(82,'2025-02-27 11:32:29','손이 깨끗하고 예뻐 보이는 느낌이라 만족해요.','1014.jpeg','1016.jpeg',NULL,4,'jy0yp9x',49,0,NULL),(83,'2025-02-27 11:32:29','실버 컬러가 너무 예쁘고 고급스러워 보여요.',NULL,NULL,NULL,5,'k5kyqh',56,0,NULL),(84,'2025-02-27 11:32:29','적당한 무게감이 있어서 퀄리티가 좋아 보입니다.',NULL,NULL,NULL,3,'krfdi2',60,0,NULL),(85,'2025-02-27 11:32:29','작은 반짝임이 고급스러운 느낌을 더해줘요.',NULL,NULL,NULL,5,'lo59feup0md',44,0,NULL),(86,'2025-02-27 11:32:29','너무 튀지 않고 자연스럽게 손을 돋보이게 해줘요.',NULL,NULL,NULL,2,'mrsh15561pw',27,0,NULL),(87,'2025-02-27 11:32:29','매일 착용해도 부담 없는 디자인이에요.',NULL,NULL,NULL,5,'mu1ceroj32wz',43,0,NULL),(88,'2025-02-27 11:32:29','빛에 따라 다양한 색감이 보여서 더 예뻐요.',NULL,NULL,NULL,4,'my2o7xb954',39,0,NULL),(89,'2025-02-27 11:32:29','단독으로 착용해도 충분히 멋스러워요.','1008.jpeg',NULL,NULL,3,'nt20etl4p6mq',26,0,NULL),(90,'2025-02-27 11:32:29','오래 착용해도 색이 변하지 않아서 좋아요.','1019.jpeg','1020.jpeg',NULL,3,'pcjro43e',55,0,NULL),(91,'2025-02-27 11:32:29','생각보다 가벼워서 편하게 착용할 수 있어요.','1004.jpeg','1007.jpeg',NULL,3,'q46l3ietp8',21,0,NULL),(92,'2025-02-27 11:32:29','반지 두께가 적당해서 손가락이 답답하지 않아요.',NULL,NULL,NULL,5,'qc8bweu',44,0,NULL),(93,'2025-02-27 11:32:29','포인트가 있는 디자인이라 손이 화려해 보여요.','1001.jpeg','1003.jpeg',NULL,4,'qmhx4m',63,0,NULL),(94,'2025-02-27 11:32:29','심플하면서도 존재감이 확실한 스타일이에요.',NULL,NULL,NULL,3,'rig2a1jswr',54,0,NULL),(95,'2025-02-27 11:32:29','반지가 너무 얇지 않아서 내구성이 좋아 보여요.','1005.jpeg','1004.jpeg',NULL,4,'sk8t54bmeg',62,0,NULL),(96,'2025-02-27 11:32:29','레이어드 반지로 활용하기 딱 좋은 디자인이에요.',NULL,NULL,NULL,2,'test',44,0,NULL),(97,'2025-02-27 11:32:29','세련된 느낌이라 다양한 스타일과 매치하기 좋아요.','1014.jpeg','1016.jpeg',NULL,5,'tlemkwqn',32,0,NULL),(98,'2025-02-27 11:32:29','시간이 지나도 유행을 타지 않을 디자인이에요.',NULL,NULL,NULL,3,'v0uoli',64,0,NULL),(99,'2025-02-27 11:32:29','광택이 자연스럽고 고급스러워서 마음에 들어요.',NULL,NULL,NULL,4,'vfs6u3',27,0,NULL),(100,'2025-02-27 11:32:29','손가락을 더욱 가늘고 길어 보이게 해줘요.',NULL,NULL,NULL,5,'xxw8gm',55,0,NULL),(101,'2025-02-27 11:32:29','적당한 크기감 덕분에 부담 없이 착용할 수 있어요.',NULL,NULL,NULL,3,'y4ql31gfw',20,0,NULL),(102,'2025-02-27 11:32:29','착용했을 때 반짝임이 자연스러워서 만족스러워요.',NULL,NULL,NULL,5,'zgo0j3',24,0,NULL),(103,'2025-02-27 11:32:29','심플하면서도 세련된 분위기가 너무 좋아요.',NULL,NULL,NULL,5,'znkn5egs71vv',68,0,NULL),(104,'2025-02-27 11:32:29','손에 착 감기는 핏이 정말 마음에 들어요.','1008.jpeg',NULL,NULL,4,'zsil1ebv7qqu',28,0,NULL),(105,'2025-02-27 11:32:29','고급스러우면서도 캐주얼한 느낌도 있어서 활용도가 높아요.','1019.jpeg','1020.jpeg',NULL,5,'1e5nwer89tlr',30,0,NULL),(106,'2025-02-27 11:32:29','다이아몬드가 박힌 것처럼 반짝거려서 너무 예뻐요.','1004.jpeg','1007.jpeg',NULL,5,'2kohbjpf',51,0,NULL),(107,'2025-02-27 11:32:29','반지의 쉐입이 손가락에 예쁘게 감겨요.',NULL,NULL,NULL,2,'4duao8tl',61,0,NULL),(108,'2025-02-27 11:32:29','손목 액세서리랑도 잘 어울려서 코디하기 좋아요.','1001.jpeg','1003.jpeg',NULL,2,'4onz5n',56,0,NULL),(109,'2025-02-27 11:32:29','선물했는데 너무 좋아해서 기분이 좋았어요.',NULL,NULL,NULL,5,'56w333311',28,0,NULL),(110,'2025-02-27 11:32:29','착용했을 때 무게감이 적당해서 안정감이 있어요.','1005.jpeg','1004.jpeg',NULL,4,'5e3adc',39,0,NULL),(111,'2025-02-27 11:32:29','너무 얇지 않고 적당한 두께라서 착용감이 좋아요.',NULL,NULL,NULL,5,'5w5cv6oc543',28,0,NULL),(112,'2025-02-27 11:32:29','실물이 더 예뻐서 반할 수밖에 없는 디자인이에요.','1014.jpeg','1016.jpeg',NULL,1,'5ypeven8',27,0,NULL),(113,'2025-02-27 11:32:29','손가락에 감기는 느낌이 부드럽고 편안해요.',NULL,NULL,NULL,5,'613olx6add5',61,0,NULL),(114,'2025-02-27 11:32:29','디자인이 감각적이라서 트렌디한 느낌이 있어요.',NULL,NULL,NULL,3,'69y8nwok',55,0,NULL),(115,'2025-02-27 11:32:29','손가락을 더 길어 보이게 해줘서 만족스러워요.',NULL,NULL,NULL,4,'6i7c0w7',23,0,NULL),(116,'2025-02-27 11:32:29','무광과 유광이 적절히 섞여서 멋스러워요.',NULL,NULL,NULL,4,'6noror',19,0,NULL),(117,'2025-02-27 11:32:29','반짝거림이 과하지 않아서 고급스러워요.',NULL,NULL,NULL,4,'736kfg',38,0,NULL),(118,'2025-02-27 11:32:29','손을 더 화사하게 만들어주는 효과가 있어요.',NULL,NULL,NULL,3,'7sa59qnk75d',48,0,NULL),(119,'2025-02-27 11:32:29','작은 디테일까지 섬세하게 제작된 느낌이에요.','1008.jpeg',NULL,NULL,4,'7uqeg5429',67,0,NULL),(120,'2025-02-27 11:32:29','부담 없이 착용할 수 있는 데일리 반지예요.','1019.jpeg','1020.jpeg',NULL,5,'85g8jzo',49,0,NULL),(121,'2025-02-27 11:32:29','빛을 받을 때마다 색감이 달라져서 신비로워요.','1004.jpeg','1007.jpeg',NULL,4,'8hwbnabm',23,0,NULL),(122,'2025-02-27 11:32:29','심플하지만 확실한 포인트가 있어서 좋아요.',NULL,NULL,NULL,5,'9t7v7ysbeb',68,0,NULL),(123,'2025-02-27 11:32:29','손가락 라인을 예쁘게 만들어주는 디자인이에요.','1001.jpeg','1003.jpeg',NULL,3,'a85w18',20,0,NULL),(124,'2025-02-27 11:32:29','데일리로 착용해도 질리지 않는 스타일이에요.',NULL,NULL,NULL,5,'aewris5w913',45,0,NULL),(125,'2025-02-27 11:32:29','작은 반짝임이 손을 더욱 예쁘게 만들어줘요.','1005.jpeg','1004.jpeg',NULL,3,'bdb93suo',40,0,NULL),(126,'2025-02-27 11:32:29','심플한데도 분위기가 있는 반지예요.',NULL,NULL,NULL,2,'dab5c30uljiv',29,0,NULL),(127,'2025-02-27 11:32:29','너무 튀지 않아서 오피스룩에도 잘 어울려요.','1014.jpeg','1016.jpeg',NULL,4,'erin5g9',43,0,NULL),(128,'2025-02-27 11:32:29','다양한 룩에 매치할 수 있어서 활용도가 높아요.',NULL,NULL,NULL,4,'f4dpyqt',23,0,NULL),(129,'2025-02-27 11:32:29','반지 하나만 착용해도 손이 예뻐 보여요.',NULL,NULL,NULL,5,'f7gvm9qrwyb6',60,0,NULL),(130,'2025-02-27 11:32:29','반짝임이 자연스러워서 부담스럽지 않아요.',NULL,NULL,NULL,5,'fjoaljlq',53,0,NULL),(131,'2025-02-27 11:32:29','시간이 지나도 변색 없이 착용할 수 있어서 좋아요.',NULL,NULL,NULL,4,'gz4c4p',60,0,NULL),(132,'2025-02-27 11:32:29','손가락을 돋보이게 해주는 디자인이라 만족해요.',NULL,NULL,NULL,4,'imvfcbijmbee',49,0,NULL),(133,'2025-02-27 11:32:29','실버 컬러가 은은하게 반짝여서 우아한 느낌이에요.',NULL,NULL,NULL,4,'j0mxmt',66,0,NULL),(134,'2025-02-27 11:32:29','착용했을 때 편안한 착 감김이 좋아요.','1008.jpeg',NULL,NULL,5,'jy0yp9x',66,0,NULL),(135,'2025-02-27 11:32:29','광택이 너무 강하지 않아서 고급스러워요.','1019.jpeg','1020.jpeg',NULL,3,'k5kyqh',47,0,NULL),(136,'2025-02-27 11:32:29','유니크한 디테일 덕분에 특별한 느낌이 있어요.','1004.jpeg','1007.jpeg',NULL,5,'krfdi2',32,0,NULL),(137,'2025-02-27 11:32:29','어떤 각도에서 봐도 예쁜 디자인이라 만족해요.',NULL,NULL,NULL,2,'lo59feup0md',62,0,NULL),(138,'2025-02-27 11:32:29','반지가 너무 얇지 않아서 내구성이 좋아 보여요.','1001.jpeg','1003.jpeg',NULL,5,'mrsh15561pw',44,0,NULL),(139,'2025-02-27 11:32:29','적당한 반짝임 덕분에 손이 더 예뻐 보여요.',NULL,NULL,NULL,4,'mu1ceroj32wz',45,0,NULL),(140,'2025-02-27 11:32:29','반지의 쉐입이 부드럽고 손가락을 편안하게 감싸줘요.','1005.jpeg','1004.jpeg',NULL,3,'my2o7xb954',25,0,NULL),(141,'2025-02-27 11:32:29','고급스럽고 세련된 분위기가 너무 좋아요.',NULL,NULL,NULL,3,'nt20etl4p6mq',65,0,NULL),(142,'2025-02-27 11:32:29','반짝이는 정도가 딱 적당해서 부담스럽지 않아요.','1014.jpeg','1016.jpeg',NULL,3,'pcjro43e',35,0,NULL),(143,'2025-02-27 11:32:29','생각보다 더 예뻐서 자꾸 손을 들여다보게 돼요.',NULL,NULL,NULL,5,'q46l3ietp8',42,0,NULL),(144,'2025-02-27 11:32:29','심플한 디자인이라 오랫동안 착용할 수 있을 것 같아요.',NULL,NULL,NULL,4,'qc8bweu',42,0,NULL),(145,'2025-02-27 11:32:29','손을 더 화사하게 만들어주는 효과가 있어요.',NULL,NULL,NULL,3,'qmhx4m',60,0,NULL),(146,'2025-02-27 11:32:29','데일리 반지로 완벽한 디자인이에요.',NULL,NULL,NULL,4,'rig2a1jswr',67,0,NULL),(147,'2025-02-27 11:32:29','반지의 곡선이 부드러워서 착용감이 좋아요.',NULL,NULL,NULL,2,'sk8t54bmeg',56,0,NULL),(148,'2025-02-27 11:32:29','시간이 지나도 질리지 않을 디자인이에요.',NULL,NULL,NULL,5,'test',52,0,NULL),(149,'2025-02-27 11:32:29','다양한 스타일과 잘 어울려서 활용도가 높아요.','1008.jpeg',NULL,NULL,3,'tlemkwqn',29,0,NULL),(150,'2025-02-27 11:32:29','특별한 날에도 잘 어울릴 것 같은 분위기에요.','1019.jpeg','1020.jpeg',NULL,4,'v0uoli',51,0,NULL),(151,'2025-02-27 11:32:29','사진보다 실물이 훨씬 더 예뻐서 놀랐어요.','1004.jpeg','1007.jpeg',NULL,5,'vfs6u3',40,0,NULL),(152,'2025-02-27 11:32:29','은은한 포인트가 있어서 심심하지 않아요.',NULL,NULL,NULL,5,'xxw8gm',39,0,NULL),(153,'2025-02-27 11:32:29','손이 깨끗하고 예뻐 보이는 느낌이라 만족해요.','1001.jpeg','1003.jpeg',NULL,5,'y4ql31gfw',48,0,NULL),(154,'2025-02-27 11:32:29','실버 컬러가 너무 예쁘고 고급스러워 보여요.',NULL,NULL,NULL,4,'zgo0j3',29,0,NULL),(155,'2025-02-27 11:32:29','적당한 무게감이 있어서 퀄리티가 좋아 보입니다.','1005.jpeg','1004.jpeg',NULL,5,'znkn5egs71vv',68,0,NULL),(156,'2025-02-27 11:32:29','작은 반짝임이 고급스러운 느낌을 더해줘요.',NULL,NULL,NULL,5,'zsil1ebv7qqu',20,0,NULL),(157,'2025-02-27 11:32:29','너무 튀지 않고 자연스럽게 손을 돋보이게 해줘요.','1014.jpeg','1016.jpeg',NULL,2,'y4ql31gfw',21,0,NULL),(158,'2025-02-27 11:32:29','매일 착용해도 부담 없는 디자인이에요.',NULL,NULL,NULL,2,'jy0yp9x',65,0,NULL),(159,'2025-02-27 11:32:29','빛에 따라 다양한 색감이 보여서 더 예뻐요.',NULL,NULL,NULL,5,'sk8t54bmeg',52,0,NULL),(160,'2025-02-27 11:32:29','단독으로 착용해도 충분히 멋스러워요.',NULL,NULL,NULL,4,'sk8t54bmeg',45,0,NULL),(161,'2025-02-27 11:32:29','오래 착용해도 색이 변하지 않아서 좋아요.',NULL,NULL,NULL,5,'mrsh15561pw',27,0,NULL),(162,'2025-02-27 11:32:30','생각보다 가벼워서 편하게 착용할 수 있어요.',NULL,NULL,NULL,1,'613olx6add5',22,0,NULL),(163,'2025-02-27 11:32:30','반지 두께가 적당해서 손가락이 답답하지 않아',NULL,NULL,NULL,5,'8hwbnabm',61,0,NULL),(164,'2025-02-27 11:32:30','반지의 곡선이 부드러워서 착용감이 좋아요.','1008.jpeg',NULL,NULL,3,'f4dpyqt',54,0,NULL),(165,'2025-02-27 11:32:30','시간이 지나도 질리지 않을 디자인이에요.','1019.jpeg','1020.jpeg',NULL,4,'v0uoli',36,0,NULL),(166,'2025-02-27 11:32:30','다양한 스타일과 잘 어울려서 활용도가 높아요.','1004.jpeg','1007.jpeg',NULL,4,'znkn5egs71vv',40,0,NULL),(167,'2025-02-27 11:32:30','특별한 날에도 잘 어울릴 것 같은 분위기에요.',NULL,NULL,NULL,4,'xxw8gm',51,0,NULL),(168,'2025-02-27 11:32:30','사진보다 실물이 훨씬 더 예뻐서 놀랐어요.','1001.jpeg','1003.jpeg',NULL,3,'nt20etl4p6mq',30,0,NULL),(169,'2025-02-27 11:32:30','은은한 포인트가 있어서 심심하지 않아요.',NULL,NULL,NULL,4,'qc8bweu',40,0,NULL),(170,'2025-02-27 11:32:30','손이 깨끗하고 예뻐 보이는 느낌이라 만족해요.','1005.jpeg','1004.jpeg',NULL,5,'test',19,0,NULL),(171,'2025-02-27 11:32:30','실버 컬러가 너무 예쁘고 고급스러워 보여요.',NULL,NULL,NULL,4,'lo59feup0md',58,0,NULL),(172,'2025-02-27 11:32:30','적당한 무게감이 있어서 퀄리티가 좋아 보입니다.','1014.jpeg','1016.jpeg',NULL,5,'6noror',26,0,NULL),(173,'2025-02-27 11:32:30','작은 반짝임이 고급스러운 느낌을 더해줘요.',NULL,NULL,NULL,3,'f7gvm9qrwyb6',45,0,NULL),(174,'2025-02-27 11:32:30','너무 튀지 않고 자연스럽게 손을 돋보이게 해줘요.',NULL,NULL,NULL,5,'5e3adc',49,0,NULL),(175,'2025-02-27 11:32:30','매일 착용해도 부담 없는 디자인이에요.',NULL,NULL,NULL,3,'gz4c4p',36,0,NULL),(176,'2025-02-27 11:32:30','빛에 따라 다양한 색감이 보여서 더 예뻐요.',NULL,NULL,NULL,2,'7uqeg5429',49,0,NULL),(177,'2025-02-27 11:32:30','단독으로 착용해도 충분히 멋스러워요.',NULL,NULL,NULL,4,'85g8jzo',41,0,NULL),(178,'2025-02-27 11:32:30','오래 착용해도 색이 변하지 않아서 좋아요.',NULL,NULL,NULL,4,'56w333311',39,0,NULL),(179,'2025-02-27 11:32:30','생각보다 가벼워서 편하게 착용할 수 있어요.','1008.jpeg',NULL,NULL,5,'lo59feup0md',49,0,NULL),(180,'2025-02-27 11:32:30','반지 두께가 적당해서 손가락이 답답하지 않아','1019.jpeg','1020.jpeg',NULL,5,'6noror',30,0,NULL),(181,'2025-02-27 11:32:30','가격 대비 퀄리티가 너무 좋아서 만족합니다.','1004.jpeg','1007.jpeg',NULL,4,'f7gvm9qrwyb6',57,0,NULL),(182,'2025-02-27 11:32:30','다른 반지랑 레이어드해서 착용해도 너무 예뻐요.',NULL,NULL,NULL,4,'5e3adc',19,0,NULL),(183,'2025-02-27 11:32:30','반짝이는 정도가 딱 적당해서 부담스럽지 않아요.','1001.jpeg','1003.jpeg',NULL,4,'gz4c4p',30,0,NULL),(184,'2025-02-27 11:32:30','손에 착 감기는 느낌이 너무 좋아요.',NULL,NULL,NULL,5,'7uqeg5429',49,0,NULL),(185,'2025-02-27 11:32:30','착용감이 좋아서 끼고 있는지도 모를 정도예요.','1005.jpeg','1004.jpeg',NULL,3,'85g8jzo',63,0,NULL),(186,'2025-02-27 11:32:30','은은한 광택이 있어서 손이 화사해 보여요.',NULL,NULL,NULL,5,'56w333311',21,0,NULL),(187,'2025-02-27 11:32:30','가격 대비 퀄리티가 너무 좋아서 만족합니다.','1014.jpeg','1016.jpeg',NULL,2,'qmhx4m',58,0,NULL),(188,'2025-02-27 11:32:30','다른 반지랑 레이어드해서 착용해도 너무 예뻐요.',NULL,NULL,NULL,5,'5ypeven8',38,0,NULL),(189,'2025-02-27 11:32:30','반짝이는 정도가 딱 적당해서 부담스럽지 않아요.',NULL,NULL,NULL,4,'69y8nwok',29,0,NULL),(190,'2025-02-27 11:32:30','손에 착 감기는 느낌이 너무 좋아요.',NULL,NULL,NULL,3,'a85w18',37,0,NULL),(191,'2025-02-27 11:32:30','착용감이 좋아서 끼고 있는지도 모를 정도예요.',NULL,NULL,NULL,3,'q46l3ietp8',20,0,NULL),(192,'2025-02-27 11:32:30','은은한 광택이 있어서 손이 화사해 보여요.',NULL,NULL,NULL,3,'tlemkwqn',36,0,NULL),(193,'2025-02-27 11:32:30','가격 대비 퀄리티가 너무 좋아서 만족합니다.',NULL,NULL,NULL,5,'vfs6u3',64,0,NULL),(194,'2025-02-27 11:32:30','다른 반지랑 레이어드해서 착용해도 너무 예뻐요.','1008.jpeg',NULL,NULL,4,'qmhx4m',26,0,NULL),(195,'2025-02-27 11:32:30','반짝이는 정도가 딱 적당해서 부담스럽지 않아요.','1019.jpeg','1020.jpeg',NULL,3,'5ypeven8',42,0,NULL),(196,'2025-02-27 11:32:30','손에 착 감기는 느낌이 너무 좋아요.',NULL,NULL,NULL,4,'69y8nwok',25,0,NULL),(197,'2025-02-27 11:32:30','착용감이 좋아서 끼고 있는지도 모를 정도예요.',NULL,NULL,NULL,2,'a85w18',35,0,NULL),(198,'2025-02-27 11:32:30','은은한 광택이 있어서 손이 화사해 보여요.',NULL,NULL,NULL,5,'q46l3ietp8',50,0,NULL),(199,'2025-02-27 11:32:30','작은 디테일까지 신경 쓴 디자인이 마음에 들',NULL,NULL,NULL,3,'tlemkwqn',21,0,NULL),(200,'2025-02-27 11:32:30','어떤 옷이든 잘 어울려서 코디하기 쉬워요.','2061.jpeg','2067.jpeg',NULL,4,'vfs6u3',20,0,NULL),(203,'2025-02-27 15:07:07','길이가 적당해서 단독으로 착용해도 예뻐요.  ','2065.jpeg','2088.jpeg',NULL,3,'test',114,0,NULL),(204,'2025-02-27 15:07:07','심플하면서도 고급스러운 디자인이라 어디에나 잘 어울려요.  ',NULL,NULL,NULL,4,'2kohbjpf',90,0,NULL),(205,'2025-02-27 15:07:07','착용감이 가볍고 목에 닿는 느낌이 편안해요.  ',NULL,NULL,NULL,4,'4duao8tl',100,0,NULL),(206,'2025-02-27 15:07:07','빛에 따라 반짝거리는 게 너무 예쁘고 세련됐어요.  ','2085.jpeg','2082.jpeg',NULL,2,'4onz5n',79,0,NULL),(207,'2025-02-27 15:07:07','포장도 고급스럽고 선물용으로 정말 좋아요.  ',NULL,NULL,NULL,3,'56w333311',117,0,NULL),(208,'2025-02-27 15:07:07','캐주얼한 옷에도, 격식 있는 옷에도 다 잘 어울려요.  ',NULL,NULL,NULL,5,'5e3adc',70,0,NULL),(209,'2025-02-27 15:07:07','알러지가 걱정됐는데 하루 종일 착용해도 문제없었어요.  ',NULL,NULL,NULL,5,'5w5cv6oc543',100,0,NULL),(210,'2025-02-27 15:07:07','사진보다 실물이 훨씬 더 예쁘고 반짝임이 좋아요.  ',NULL,NULL,NULL,4,'5ypeven8',86,0,NULL),(211,'2025-02-27 15:07:07','길이 조절이 가능해서 스타일에 맞게 연출할 수 있어요.  ','2061.jpeg','2067.jpeg',NULL,5,'613olx6add5',109,0,NULL),(212,'2025-02-27 15:07:07','심플한데 포인트가 돼서 데일리로 착용하기 딱이에요.  ','2065.jpeg','2088.jpeg',NULL,4,'69y8nwok',96,0,NULL),(213,'2025-02-27 15:07:07','목선을 더 예쁘게 보이게 해주는 디자인이라 만족해요.  ',NULL,NULL,NULL,5,'6i7c0w7',70,0,NULL),(214,'2025-02-27 15:07:07','다른 액세서리와 레이어드해도 정말 잘 어울려요.  ',NULL,NULL,NULL,5,'6noror',113,0,NULL),(215,'2025-02-27 15:07:07','은은한 광택이 있어서 여성스럽고 우아한 분위기를 연출해줘요.  ','2085.jpeg','2082.jpeg',NULL,4,'736kfg',76,0,NULL),(216,'2025-02-27 15:07:07','고급스러운 분위기가 느껴져서 특별한 날 착용하기 좋아요.  ',NULL,NULL,NULL,4,'7sa59qnk75d',118,0,NULL),(217,'2025-02-27 15:07:07','가벼워서 하루 종일 착용해도 부담이 없어요.  ',NULL,NULL,NULL,5,'7uqeg5429',104,0,NULL),(218,'2025-02-27 15:07:07','변색이 걱정됐는데 몇 주 동안 착용해도 그대로예요.  ',NULL,NULL,NULL,5,'85g8jzo',90,0,NULL),(219,'2025-02-27 15:07:07','목에 닿는 부분이 부드러워서 착용감이 정말 편안해요.  ',NULL,NULL,NULL,3,'8hwbnabm',78,0,NULL),(220,'2025-02-27 15:07:07','반짝임이 자연스러워서 고급스러움이 더 느껴져요.  ',NULL,NULL,NULL,5,'9t7v7ysbeb',74,0,NULL),(221,'2025-02-27 15:07:07','심플한 디자인이라 유행 타지 않고 오랫동안 착용할 수 있어요.  ',NULL,NULL,NULL,5,'a85w18',90,0,NULL),(222,'2025-02-27 15:07:07','소재가 튼튼해서 쉽게 끊어질 걱정 없이 착용할 수 있어요.  ','2061.jpeg','2067.jpeg',NULL,5,'aewris5w913',69,0,NULL),(223,'2025-02-27 15:07:07','목걸이 하나만으로도 스타일이 완성되는 느낌이에요.  ','2065.jpeg','2088.jpeg',NULL,5,'bdb93suo',96,0,NULL),(224,'2025-02-27 15:07:07','빛을 받을 때마다 반짝거리는 게 정말 예쁘네요.  ',NULL,NULL,NULL,3,'dab5c30uljiv',116,0,NULL),(225,'2025-02-27 15:07:07','포인트 주기 좋은 디자인이라 자주 손이 가요.  ',NULL,NULL,NULL,5,'erin5g9',78,0,NULL),(226,'2025-02-27 15:07:07','심플하지만 디테일이 살아 있어서 더욱 매력적이에요.  ','2085.jpeg','2082.jpeg',NULL,4,'f4dpyqt',90,0,NULL),(227,'2025-02-27 15:07:07','생각보다 훨씬 가볍고 착용감이 좋아서 매일 착용해요.  ',NULL,NULL,NULL,5,'f7gvm9qrwyb6',99,0,NULL),(228,'2025-02-27 15:07:07','선물했는데 정말 만족해하고 좋아해서 뿌듯했어요.  ',NULL,NULL,NULL,4,'fjoaljlq',86,0,NULL),(229,'2025-02-27 15:07:07','어떤 룩에도 잘 어울려서 활용도가 정말 높아요.  ',NULL,NULL,NULL,5,'gz4c4p',114,0,NULL),(230,'2025-02-27 15:07:07','목걸이 하나만으로도 얼굴이 더 화사해 보이는 효과가 있어요.  ',NULL,NULL,NULL,5,'imvfcbijmbee',79,0,NULL),(231,'2025-02-27 15:07:07','체인이 너무 두껍지 않아서 여성스럽고 우아해요.  ','2061.jpeg','2067.jpeg',NULL,4,'j0mxmt',81,0,NULL),(232,'2025-02-27 15:07:07','오래 착용해도 피부에 자극이 없어서 편해요.  ','2065.jpeg','2088.jpeg',NULL,5,'jy0yp9x',117,0,NULL),(233,'2025-02-27 15:07:07','클래식한 디자인이라 시간이 지나도 변함없이 예쁠 것 같아요.  ',NULL,NULL,NULL,5,'k5kyqh',90,0,NULL),(234,'2025-02-27 15:07:07','다른 목걸이와 레이어드해도 전혀 부담스럽지 않아요.  ',NULL,NULL,NULL,3,'krfdi2',73,0,NULL),(235,'2025-02-27 15:07:07','디자인이 고급스러워서 특별한 자리에서도 착용하기 좋아요.  ','2085.jpeg','2082.jpeg',NULL,4,'lo59feup0md',91,0,NULL),(236,'2025-02-27 15:07:07','착용이 간편하고 길이 조절도 쉬워서 편리해요.  ',NULL,NULL,NULL,5,'mrsh15561pw',71,0,NULL),(237,'2025-02-27 15:07:07','빛을 받으면 더욱 반짝거려서 얼굴이 더 화사해 보여요.  ',NULL,NULL,NULL,5,'mu1ceroj32wz',115,0,NULL),(238,'2025-02-27 15:07:07','심플하면서도 세련된 디자인이라 어디에나 잘 어울려요.  ',NULL,NULL,NULL,5,'my2o7xb954',106,0,NULL),(239,'2025-02-27 15:07:07','오래 착용해도 목이 불편하지 않아서 너무 좋아요.  ',NULL,NULL,NULL,4,'nt20etl4p6mq',101,0,NULL),(240,'2025-02-27 15:07:07','사진보다 실물이 훨씬 더 예쁘고 고급스러워요.  ',NULL,NULL,NULL,5,'pcjro43e',85,0,NULL),(241,'2025-02-27 15:07:07','깔끔한 디자인이라 레이어드하기에도 좋아요.  ','2061.jpeg','2067.jpeg',NULL,5,'q46l3ietp8',106,0,NULL),(242,'2025-02-27 15:07:07','가격 대비 퀄리티가 좋아서 만족도가 높아요.  ','2079.jpeg','2088.jpeg',NULL,5,'qc8bweu',105,0,NULL),(243,'2025-02-27 15:07:07','고급스러운 느낌이 강해서 특별한 날에도 잘 어울려요.  ',NULL,NULL,NULL,5,'qmhx4m',118,0,NULL),(244,'2025-02-27 15:07:07','자연스럽게 반짝여서 과하지 않고 세련된 느낌이에요.  ',NULL,NULL,NULL,3,'rig2a1jswr',83,0,NULL),(245,'2025-02-27 15:07:07','손이 자주 가는 아이템이라 매일 착용하고 있어요.  ','2085.jpeg','2082.jpeg',NULL,4,'sk8t54bmeg',87,0,NULL),(246,'2025-02-27 15:07:07','체인이 튼튼해서 쉽게 끊어질 걱정이 없어요.  ',NULL,NULL,NULL,5,'test',83,0,NULL),(247,'2025-02-27 15:07:07','얼굴이 좀 더 화사해 보이는 효과가 있어서 만족해요.  ',NULL,NULL,NULL,4,'tlemkwqn',102,0,NULL),(248,'2025-02-27 15:07:07','어떤 스타일에도 어울려서 활용도가 정말 높아요.  ',NULL,NULL,NULL,5,'v0uoli',92,0,NULL),(249,'2025-02-27 15:07:07','사진보다 훨씬 고급스럽고 예뻐서 정말 만족해요.  ',NULL,NULL,NULL,5,'vfs6u3',92,0,NULL),(250,'2025-02-27 15:07:07','변색 없이 오랫동안 예쁘게 착용할 수 있어서 좋아요.  ',NULL,NULL,NULL,5,'xxw8gm',111,0,NULL),(251,'2025-02-27 15:07:07','착용할수록 더 예쁜 매력이 느껴지는 디자인이에요.  ',NULL,NULL,NULL,4,'y4ql31gfw',97,0,NULL),(252,'2025-02-27 15:07:07','선물용으로 샀는데 받는 사람이 너무 좋아해서 뿌듯했어요.  ','2038.jpeg','2037.jpeg',NULL,5,'zgo0j3',92,0,NULL),(253,'2025-02-27 15:07:07','빛에 따라 자연스럽게 반짝여서 고급스러운 느낌이 물씬 풍겨요.  ','2065.jpeg','2088.jpeg',NULL,5,'znkn5egs71vv',89,0,NULL),(254,'2025-02-27 15:07:07','체인이 가늘고 섬세해서 여성스러운 분위기를 연출하기에 딱 좋아요.  ',NULL,NULL,NULL,5,'zsil1ebv7qqu',114,0,NULL),(255,'2025-02-27 15:07:07','길이 조절이 가능해서 옷 스타일에 따라 다양하게 연출할 수 있어요.  ',NULL,NULL,NULL,4,'1e5nwer89tlr',104,0,NULL),(256,'2025-02-27 15:07:07','심플한 디자인이지만 목선을 예쁘게 강조해줘서 데일리로 착용하기 좋아요.  ','2034.jpeg','2035.jpeg',NULL,5,'2kohbjpf',79,0,NULL),(257,'2025-02-27 15:07:07','알러지 걱정이 많았는데 하루 종일 착용해도 전혀 가렵거나 불편하지 않아요.  ',NULL,NULL,NULL,5,'4duao8tl',104,0,NULL),(258,'2025-02-27 15:07:07','포장이 너무 예뻐서 선물용으로도 정말 만족스럽고 받는 분도 좋아했어요.  ',NULL,NULL,NULL,2,'4onz5n',113,0,NULL),(259,'2025-02-27 15:07:07','무게감이 거의 느껴지지 않아서 오랜 시간 착용해도 목이 피로하지 않아요.  ',NULL,NULL,NULL,2,'56w333311',105,0,NULL),(260,'2025-02-27 15:07:07','어떤 옷에도 자연스럽게 어울려서 다양한 스타일링이 가능해요.  ',NULL,NULL,NULL,5,'5e3adc',107,0,NULL),(261,'2025-02-27 15:07:07','빛을 받을 때마다 은은하게 반짝이는 모습이 너무 매력적이에요.  ',NULL,NULL,NULL,4,'5w5cv6oc543',105,0,NULL),(262,'2025-02-27 15:07:07','심플하면서도 세련된 디자인이라 격식 있는 자리에서도 잘 어울려요.  ',NULL,NULL,NULL,5,'5ypeven8',108,0,NULL),(263,'2025-02-27 15:07:07','착용할 때 클라스프가 부드럽게 연결돼서 혼자서도 쉽게 착용할 수 있어요.  ',NULL,NULL,NULL,1,'613olx6add5',100,0,NULL),(264,'2025-02-27 15:07:07','체인의 두께가 적당해서 튼튼하면서도 부담스럽지 않게 착용할 수 있어요.  ','2038.jpeg','2037.jpeg',NULL,5,'69y8nwok',109,0,NULL),(265,'2025-02-27 15:07:07','은은한 광택 덕분에 너무 화려하지 않으면서도 세련된 분위기를 연출할 수 있어요.  ','2065.jpeg','2088.jpeg',NULL,3,'6i7c0w7',73,0,NULL),(266,'2025-02-27 15:07:07','다른 목걸이와 레이어드하면 더욱 멋스럽고 스타일리시한 느낌이 들어요.  ',NULL,NULL,NULL,4,'6noror',99,0,NULL),(267,'2025-02-27 15:07:07','포인트 액세서리로 하나만 착용해도 충분히 존재감이 있는 제품이에요.  ',NULL,NULL,NULL,4,'736kfg',116,0,NULL),(268,'2025-02-27 15:07:07','여성스러운 느낌을 살려주는 디자인이라 어떤 룩에도 자연스럽게 어울려요.  ','2034.jpeg','2035.jpeg',NULL,4,'7sa59qnk75d',70,0,NULL),(269,'2025-02-27 15:07:07','착용 후에도 변색이 없어서 오랫동안 깨끗하게 사용할 수 있을 것 같아요.  ',NULL,NULL,NULL,3,'7uqeg5429',82,0,NULL),(270,'2025-02-27 15:07:07','매일 착용해도 질리지 않는 디자인이라 손이 자주 가는 목걸이예요.  ',NULL,NULL,NULL,4,'85g8jzo',78,0,NULL),(271,'2025-02-27 15:07:07','고급스러운 느낌이 강해서 특별한 날에도 부담 없이 착용할 수 있어요.  ',NULL,NULL,NULL,5,'8hwbnabm',101,0,NULL),(272,'2025-02-27 15:07:07','체인의 마감 처리가 정교하고 깔끔해서 피부에 닿아도 전혀 거슬리지 않아요.  ',NULL,NULL,NULL,4,'9t7v7ysbeb',113,0,NULL),(273,'2025-02-27 15:07:07','소재가 튼튼해서 쉽게 끊어질 걱정 없이 편하게 착용할 수 있어요.  ','2038.jpeg','2037.jpeg',NULL,5,'a85w18',105,0,NULL),(274,'2025-02-27 15:07:07','가벼우면서도 존재감이 있어서 데일리로 착용하기 딱 좋은 제품이에요.  ','2065.jpeg','2088.jpeg',NULL,3,'aewris5w913',89,0,NULL),(275,'2025-02-27 15:07:07','심플한 듯하지만 디테일이 살아 있어서 더욱 고급스러워 보이는 디자인이에요.  ',NULL,NULL,NULL,5,'bdb93suo',91,0,NULL),(276,'2025-02-27 15:07:07','클래식한 디자인이라 유행을 타지 않고 오랫동안 착용할 수 있을 것 같아요.  ',NULL,NULL,NULL,3,'dab5c30uljiv',80,0,NULL),(277,'2025-02-27 15:07:07','피부가 민감한 편인데도 하루 종일 착용해도 전혀 자극이 느껴지지 않았어요.  ','2034.jpeg','2035.jpeg',NULL,2,'erin5g9',83,0,NULL),(278,'2025-02-27 15:07:07','빛의 각도에 따라 반짝이는 정도가 달라서 더욱 매력적인 느낌이에요.  ',NULL,NULL,NULL,4,'f4dpyqt',82,0,NULL),(279,'2025-02-27 15:07:07','착용감이 가볍고 부드러워서 목에 부담 없이 편안하게 감기는 느낌이 좋아요.  ',NULL,NULL,NULL,4,'f7gvm9qrwyb6',105,0,NULL),(280,'2025-02-27 15:07:07','사진보다 실물이 훨씬 예쁘고, 반짝임이 자연스러워서 더욱 만족스러워요.  ',NULL,NULL,NULL,5,'fjoaljlq',77,0,NULL),(281,'2025-02-27 15:07:07','선물용으로 구매했는데 패키지부터 제품까지 모두 만족스러워서 기분이 좋아요.  ',NULL,NULL,NULL,5,'gz4c4p',85,0,NULL),(282,'2025-02-27 15:07:07','여러 개 레이어드해도 전혀 부담스럽지 않고 세련된 느낌을 연출할 수 있어요.  ',NULL,NULL,NULL,4,'imvfcbijmbee',98,0,NULL),(283,'2025-02-27 15:07:07','간단한 옷차림에도 이 목걸이 하나만 걸치면 스타일이 확 살아나는 기분이에요.  ',NULL,NULL,NULL,4,'j0mxmt',89,0,NULL),(284,'2025-02-27 15:07:07','체인이 얇아서 여성스럽지만 튼튼해서 쉽게 끊어지지 않을 것 같아요.  ',NULL,NULL,NULL,4,'jy0yp9x',118,0,NULL),(285,'2025-02-27 15:07:07','빛을 받으면 은은하게 반짝여서 피부 톤도 한층 밝아 보이는 효과가 있어요.  ',NULL,NULL,NULL,5,'k5kyqh',103,0,NULL),(286,'2025-02-27 15:07:07','고급스러운 분위기가 있어서 격식 있는 자리에서도 잘 어울리는 디자인이에요.  ',NULL,NULL,NULL,3,'krfdi2',80,0,NULL),(287,'2025-02-27 15:07:07','심플한 디자인 덕분에 레이어드 스타일링을 할 때 더욱 활용도가 높은 제품이에요.  ','2038.jpeg','2037.jpeg',NULL,5,'lo59feup0md',102,0,NULL),(288,'2025-02-27 15:07:07','마감 처리가 깔끔해서 피부에 닿아도 거슬리는 느낌이 전혀 들지 않아요.  ','2065.jpeg','2088.jpeg',NULL,2,'mrsh15561pw',83,0,NULL),(289,'2025-02-27 15:07:08','손이 자주 가는 제품이라 매일 착용해도 질리지 않고 만족도가 높아요.  ',NULL,NULL,NULL,5,'mu1ceroj32wz',81,0,NULL),(290,'2025-02-27 15:07:08','길이 조절이 가능해서 의상에 따라 다양하게 스타일링할 수 있어서 좋아요.  ',NULL,NULL,NULL,4,'my2o7xb954',104,0,NULL),(291,'2025-02-27 15:07:08','특별한 날뿐만 아니라 평상시에도 부담 없이 착용할 수 있는 디자인이에요.  ','2034.jpeg','2035.jpeg',NULL,3,'nt20etl4p6mq',85,0,NULL),(292,'2025-02-27 15:07:08','하나만 착용해도 포인트가 되어서 심플한 룩에도 잘 어울리는 목걸이예요.  ',NULL,NULL,NULL,3,'pcjro43e',80,0,NULL),(293,'2025-02-27 15:07:08','사진으로 봤을 때보다 직접 착용해보니 훨씬 더 예쁘고 만족스러웠어요.  ',NULL,NULL,NULL,3,'q46l3ietp8',116,0,NULL),(294,'2025-02-27 15:07:08','너무 과하지 않으면서도 세련된 분위기를 연출할 수 있어서 자주 착용해요.  ',NULL,NULL,NULL,5,'qc8bweu',117,0,NULL),(295,'2025-02-27 15:07:08','체인이 섬세하게 디자인되어 있어서 여성스럽고 우아한 느낌이 들어요.  ',NULL,NULL,NULL,4,'qmhx4m',85,0,NULL),(296,'2025-02-27 15:07:08','오랫동안 착용해도 피부에 자극이 없어서 매일 착용하기에도 부담이 없어요.  ',NULL,NULL,NULL,3,'rig2a1jswr',113,0,NULL),(297,'2025-02-27 15:07:08','빛에 따라 색감이 달라 보이는 게 너무 신비롭고 아름다워요.  ','2038.jpeg','2037.jpeg',NULL,4,'sk8t54bmeg',74,0,NULL),(298,'2025-02-27 15:07:08','심플한 디자인이지만 목선을 더 예뻐 보이게 해주는 효과가 있어요.  ','2065.jpeg','2088.jpeg',NULL,2,'test',115,0,NULL),(299,'2025-02-27 15:07:08','가벼워서 하루 종일 착용해도 목에 부담이 없고 편안한 착용감이 좋아요.  ',NULL,NULL,NULL,5,'tlemkwqn',74,0,NULL),(300,'2025-02-27 15:07:08','선물했는데 받는 분이 너무 좋아해서 뿌듯하고 기분이 좋았어요.  ',NULL,NULL,NULL,3,'v0uoli',85,0,NULL),(301,'2025-02-27 15:07:08','어떤 옷에도 자연스럽게 어울려서 매일 착용하기에 딱 좋은 목걸이예요.','2034.jpeg','2035.jpeg',NULL,4,'vfs6u3',99,0,NULL),(302,'2025-02-27 15:07:08','빛에 따라 자연스럽게 반짝여서 고급스러운 느낌이 물씬 풍겨요.  ',NULL,NULL,NULL,5,'xxw8gm',111,0,NULL),(303,'2025-02-27 15:07:08','체인이 가늘고 섬세해서 여성스러운 분위기를 연출하기에 딱 좋아요.  ',NULL,NULL,NULL,3,'y4ql31gfw',97,0,NULL),(304,'2025-02-27 15:07:08','길이 조절이 가능해서 옷 스타일에 따라 다양하게 연출할 수 있어요.  ',NULL,NULL,NULL,5,'zgo0j3',114,0,NULL),(305,'2025-02-27 15:07:08','심플한 디자인이지만 목선을 예쁘게 강조해줘서 데일리로 착용하기 좋아요.  ',NULL,NULL,NULL,5,'znkn5egs71vv',115,0,NULL),(306,'2025-02-27 15:07:08','알러지 걱정이 많았는데 하루 종일 착용해도 전혀 가렵거나 불편하지 않아요.  ',NULL,NULL,NULL,4,'zsil1ebv7qqu',99,0,NULL),(307,'2025-02-27 15:07:08','포장이 너무 예뻐서 선물용으로도 정말 만족스럽고 받는 분도 좋아했어요.  ','2038.jpeg','2037.jpeg',NULL,5,'1e5nwer89tlr',88,0,NULL),(308,'2025-02-27 15:07:08','무게감이 거의 느껴지지 않아서 오랜 시간 착용해도 목이 피로하지 않아요.  ','2065.jpeg','2088.jpeg',NULL,5,'2kohbjpf',111,0,NULL),(309,'2025-02-27 15:07:08','어떤 옷에도 자연스럽게 어울려서 다양한 스타일링이 가능해요.  ',NULL,NULL,NULL,2,'4duao8tl',117,0,NULL),(310,'2025-02-27 15:07:08','빛을 받을 때마다 은은하게 반짝이는 모습이 너무 매력적이에요.  ',NULL,NULL,NULL,2,'4onz5n',103,0,NULL),(311,'2025-02-27 15:07:08','심플하면서도 세련된 디자인이라 격식 있는 자리에서도 잘 어울려요.  ','2034.jpeg','2035.jpeg',NULL,5,'56w333311',93,0,NULL),(312,'2025-02-27 15:07:08','착용할 때 클라스프가 부드럽게 연결돼서 혼자서도 쉽게 착용할 수 있어요.  ',NULL,NULL,NULL,4,'5e3adc',70,0,NULL),(313,'2025-02-27 15:07:08','체인의 두께가 적당해서 튼튼하면서도 부담스럽지 않게 착용할 수 있어요.  ',NULL,NULL,NULL,5,'5w5cv6oc543',84,0,NULL),(314,'2025-02-27 15:07:08','은은한 광택 덕분에 너무 화려하지 않으면서도 세련된 분위기를 연출할 수 있어요.  ',NULL,NULL,NULL,1,'5ypeven8',118,0,NULL),(315,'2025-02-27 15:07:08','다른 목걸이와 레이어드하면 더욱 멋스럽고 스타일리시한 느낌이 들어요.  ',NULL,NULL,NULL,5,'613olx6add5',107,0,NULL),(316,'2025-02-27 15:07:08','포인트 액세서리로 하나만 착용해도 충분히 존재감이 있는 제품이에요.  ',NULL,NULL,NULL,3,'69y8nwok',117,0,NULL),(317,'2025-02-27 15:07:08','여성스러운 느낌을 살려주는 디자인이라 어떤 룩에도 자연스럽게 어울려요.  ','2038.jpeg','2037.jpeg',NULL,4,'6i7c0w7',74,0,NULL),(318,'2025-02-27 15:07:08','착용 후에도 변색이 없어서 오랫동안 깨끗하게 사용할 수 있을 것 같아요.  ','2065.jpeg','2088.jpeg',NULL,4,'6noror',89,0,NULL),(319,'2025-02-27 15:07:08','매일 착용해도 질리지 않는 디자인이라 손이 자주 가는 목걸이예요.  ',NULL,NULL,NULL,4,'736kfg',71,0,NULL),(320,'2025-02-27 15:07:08','고급스러운 느낌이 강해서 특별한 날에도 부담 없이 착용할 수 있어요.  ',NULL,NULL,NULL,3,'7sa59qnk75d',87,0,NULL),(321,'2025-02-27 15:07:08','체인의 마감 처리가 정교하고 깔끔해서 피부에 닿아도 전혀 거슬리지 않아요.  ','2034.jpeg','2035.jpeg',NULL,4,'7uqeg5429',70,0,NULL),(322,'2025-02-27 15:07:08','소재가 튼튼해서 쉽게 끊어질 걱정 없이 편하게 착용할 수 있어요.  ',NULL,NULL,NULL,5,'85g8jzo',117,0,NULL),(323,'2025-02-27 15:07:08','가벼우면서도 존재감이 있어서 데일리로 착용하기 딱 좋은 제품이에요.  ',NULL,NULL,NULL,4,'8hwbnabm',96,0,NULL),(324,'2025-02-27 15:07:08','심플한 듯하지만 디테일이 살아 있어서 더욱 고급스러워 보이는 디자인이에요.  ',NULL,NULL,NULL,5,'9t7v7ysbeb',117,0,NULL),(325,'2025-02-27 15:07:08','클래식한 디자인이라 유행을 타지 않고 오랫동안 착용할 수 있을 것 같아요.  ',NULL,NULL,NULL,3,'a85w18',105,0,NULL),(326,'2025-02-27 15:07:08','피부가 민감한 편인데도 하루 종일 착용해도 전혀 자극이 느껴지지 않았어요.  ',NULL,NULL,NULL,5,'aewris5w913',107,0,NULL),(327,'2025-02-27 15:07:08','빛의 각도에 따라 반짝이는 정도가 달라서 더욱 매력적인 느낌이에요.  ',NULL,NULL,NULL,3,'bdb93suo',77,0,NULL),(328,'2025-02-27 15:07:08','착용감이 가볍고 부드러워서 목에 부담 없이 편안하게 감기는 느낌이 좋아요.  ',NULL,NULL,NULL,2,'dab5c30uljiv',81,0,NULL),(329,'2025-02-27 15:07:08','사진보다 실물이 훨씬 예쁘고, 반짝임이 자연스러워서 더욱 만족스러워요.  ',NULL,NULL,NULL,4,'erin5g9',72,0,NULL),(330,'2025-02-27 15:07:08','선물용으로 구매했는데 패키지부터 제품까지 모두 만족스러워서 기분이 좋아요.  ',NULL,NULL,NULL,4,'f4dpyqt',117,0,NULL),(331,'2025-02-27 15:07:08','여러 개 레이어드해도 전혀 부담스럽지 않고 세련된 느낌을 연출할 수 있어요.  ','2038.jpeg','2037.jpeg',NULL,5,'f7gvm9qrwyb6',102,0,NULL),(332,'2025-02-27 15:07:08','간단한 옷차림에도 이 목걸이 하나만 걸치면 스타일이 확 살아나는 기분이에요.  ','2065.jpeg','2088.jpeg',NULL,5,'fjoaljlq',104,0,NULL),(333,'2025-02-27 15:07:08','체인이 얇아서 여성스럽지만 튼튼해서 쉽게 끊어지지 않을 것 같아요.  ',NULL,NULL,NULL,4,'gz4c4p',108,0,NULL),(334,'2025-02-27 15:07:08','빛을 받으면 은은하게 반짝여서 피부 톤도 한층 밝아 보이는 효과가 있어요.  ',NULL,NULL,NULL,4,'imvfcbijmbee',116,0,NULL),(335,'2025-02-27 15:07:08','고급스러운 분위기가 있어서 격식 있는 자리에서도 잘 어울리는 디자인이에요.  ','2034.jpeg','2035.jpeg',NULL,4,'j0mxmt',116,0,NULL),(336,'2025-02-27 15:07:08','심플한 디자인 덕분에 레이어드 스타일링을 할 때 더욱 활용도가 높은 제품이에요.  ',NULL,NULL,NULL,5,'jy0yp9x',115,0,NULL),(337,'2025-02-27 15:07:08','마감 처리가 깔끔해서 피부에 닿아도 거슬리는 느낌이 전혀 들지 않아요.  ',NULL,NULL,NULL,3,'k5kyqh',106,0,NULL),(338,'2025-02-27 15:07:08','손이 자주 가는 제품이라 매일 착용해도 질리지 않고 만족도가 높아요.  ',NULL,NULL,NULL,5,'krfdi2',77,0,NULL),(339,'2025-02-27 15:07:08','길이 조절이 가능해서 의상에 따라 다양하게 스타일링할 수 있어서 좋아요.  ','2038.jpeg','2037.jpeg',NULL,2,'lo59feup0md',69,0,NULL),(340,'2025-02-27 15:07:08','특별한 날뿐만 아니라 평상시에도 부담 없이 착용할 수 있는 디자인이에요.  ','2065.jpeg','2088.jpeg',NULL,5,'mrsh15561pw',96,0,NULL),(341,'2025-02-27 15:07:08','하나만 착용해도 포인트가 되어서 심플한 룩에도 잘 어울리는 목걸이예요.  ',NULL,NULL,NULL,4,'mu1ceroj32wz',110,0,NULL),(342,'2025-02-27 15:07:08','사진으로 봤을 때보다 직접 착용해보니 훨씬 더 예쁘고 만족스러웠어요.  ',NULL,NULL,NULL,3,'my2o7xb954',105,0,NULL),(343,'2025-02-27 15:07:08','너무 과하지 않으면서도 세련된 분위기를 연출할 수 있어서 자주 착용해요.  ','2034.jpeg','2035.jpeg',NULL,3,'nt20etl4p6mq',85,0,NULL),(344,'2025-02-27 15:07:08','체인이 섬세하게 디자인되어 있어서 여성스럽고 우아한 느낌이 들어요.  ',NULL,NULL,NULL,3,'pcjro43e',94,0,NULL),(345,'2025-02-27 15:07:08','오랫동안 착용해도 피부에 자극이 없어서 매일 착용하기에도 부담이 없어요.  ',NULL,NULL,NULL,5,'q46l3ietp8',99,0,NULL),(346,'2025-02-27 15:07:08','빛에 따라 색감이 달라 보이는 게 너무 신비롭고 아름다워요.  ',NULL,NULL,NULL,4,'qc8bweu',110,0,NULL),(347,'2025-02-27 15:07:08','심플한 디자인이지만 목선을 더 예뻐 보이게 해주는 효과가 있어요.  ',NULL,NULL,NULL,3,'qmhx4m',109,0,NULL),(348,'2025-02-27 15:07:08','가벼워서 하루 종일 착용해도 목에 부담이 없고 편안한 착용감이 좋아요.  ',NULL,NULL,NULL,4,'rig2a1jswr',76,0,NULL),(349,'2025-02-27 15:07:08','선물했는데 받는 분이 너무 좋아해서 뿌듯하고 기분이 좋았어요.  ',NULL,NULL,NULL,2,'sk8t54bmeg',79,0,NULL),(350,'2025-02-27 15:07:08','어떤 옷에도 자연스럽게 어울려서 매일 착용하기에 딱 좋은 목걸이예요.',NULL,NULL,NULL,5,'test',101,0,NULL),(351,'2025-02-27 15:07:08','빛에 따라 자연스럽게 반짝여서 고급스러운 느낌이 물씬 풍겨요.  ',NULL,NULL,NULL,3,'tlemkwqn',117,0,NULL),(352,'2025-02-27 15:07:08','체인이 가늘고 섬세해서 여성스러운 분위기를 연출하기에 딱 좋아요.  ',NULL,NULL,NULL,4,'v0uoli',92,0,NULL),(353,'2025-02-27 15:07:08','길이 조절이 가능해서 옷 스타일에 따라 다양하게 연출할 수 있어요.  ','2038.jpeg','2037.jpeg',NULL,5,'vfs6u3',97,0,NULL),(354,'2025-02-27 15:07:08','심플한 디자인이지만 목선을 예쁘게 강조해줘서 데일리로 착용하기 좋아요.  ','2065.jpeg','2088.jpeg',NULL,5,'xxw8gm',107,0,NULL),(355,'2025-02-27 15:07:08','알러지 걱정이 많았는데 하루 종일 착용해도 전혀 가렵거나 불편하지 않아요.  ',NULL,NULL,NULL,5,'y4ql31gfw',118,0,NULL),(356,'2025-02-27 15:07:08','포장이 너무 예뻐서 선물용으로도 정말 만족스럽고 받는 분도 좋아했어요.  ',NULL,NULL,NULL,4,'zgo0j3',115,0,NULL),(357,'2025-02-27 15:07:08','무게감이 거의 느껴지지 않아서 오랜 시간 착용해도 목이 피로하지 않아요.  ','2034.jpeg','2035.jpeg',NULL,5,'znkn5egs71vv',107,0,NULL),(358,'2025-02-27 15:07:08','어떤 옷에도 자연스럽게 어울려서 다양한 스타일링이 가능해요.  ',NULL,NULL,NULL,5,'zsil1ebv7qqu',109,0,NULL),(359,'2025-02-27 15:07:08','빛을 받을 때마다 은은하게 반짝이는 모습이 너무 매력적이에요.  ',NULL,NULL,NULL,2,'y4ql31gfw',83,0,NULL),(360,'2025-02-27 15:07:08','심플하면서도 세련된 디자인이라 격식 있는 자리에서도 잘 어울려요.  ',NULL,NULL,NULL,2,'jy0yp9x',102,0,NULL),(361,'2025-02-27 15:07:08','착용할 때 클라스프가 부드럽게 연결돼서 혼자서도 쉽게 착용할 수 있어요.  ',NULL,NULL,NULL,5,'sk8t54bmeg',94,0,NULL),(362,'2025-02-27 15:07:08','체인의 두께가 적당해서 튼튼하면서도 부담스럽지 않게 착용할 수 있어요.  ',NULL,NULL,NULL,4,'sk8t54bmeg',101,0,NULL),(363,'2025-02-27 15:07:08','은은한 광택 덕분에 너무 화려하지 않으면서도 세련된 분위기를 연출할 수 있어요.  ',NULL,NULL,NULL,5,'mrsh15561pw',76,0,NULL),(364,'2025-02-27 15:07:08','다른 목걸이와 레이어드하면 더욱 멋스럽고 스타일리시한 느낌이 들어요.  ',NULL,NULL,NULL,1,'613olx6add5',111,0,NULL),(365,'2025-02-27 15:07:08','포인트 액세서리로 하나만 착용해도 충분히 존재감이 있는 제품이에요.  ',NULL,NULL,NULL,5,'8hwbnabm',91,0,NULL),(366,'2025-02-27 15:07:08','여성스러운 느낌을 살려주는 디자인이라 어떤 룩에도 자연스럽게 어울려요.  ',NULL,NULL,NULL,3,'f4dpyqt',115,0,NULL),(367,'2025-02-27 15:07:08','착용 후에도 변색이 없어서 오랫동안 깨끗하게 사용할 수 있을 것 같아요.  ','2038.jpeg','2037.jpeg',NULL,4,'v0uoli',104,0,NULL),(368,'2025-02-27 15:07:08','매일 착용해도 질리지 않는 디자인이라 손이 자주 가는 목걸이예요.  ','2065.jpeg','2088.jpeg',NULL,4,'znkn5egs71vv',96,0,NULL),(369,'2025-02-27 15:07:08','고급스러운 느낌이 강해서 특별한 날에도 부담 없이 착용할 수 있어요.  ',NULL,NULL,NULL,4,'xxw8gm',115,0,NULL),(370,'2025-02-27 15:07:08','체인의 마감 처리가 정교하고 깔끔해서 피부에 닿아도 전혀 거슬리지 않아요.  ',NULL,NULL,NULL,3,'nt20etl4p6mq',98,0,NULL),(371,'2025-02-27 15:07:08','소재가 튼튼해서 쉽게 끊어질 걱정 없이 편하게 착용할 수 있어요.  ','2034.jpeg','2035.jpeg',NULL,4,'qc8bweu',69,0,NULL),(372,'2025-02-27 15:07:08','가벼우면서도 존재감이 있어서 데일리로 착용하기 딱 좋은 제품이에요.  ',NULL,NULL,NULL,5,'test',106,0,NULL),(373,'2025-02-27 15:07:08','심플한 듯하지만 디테일이 살아 있어서 더욱 고급스러워 보이는 디자인이에요.  ',NULL,NULL,NULL,4,'lo59feup0md',104,0,NULL),(374,'2025-02-27 15:07:08','클래식한 디자인이라 유행을 타지 않고 오랫동안 착용할 수 있을 것 같아요.  ',NULL,NULL,NULL,5,'6noror',100,0,NULL),(375,'2025-02-27 15:07:08','피부가 민감한 편인데도 하루 종일 착용해도 전혀 자극이 느껴지지 않았어요.  ',NULL,NULL,NULL,3,'f7gvm9qrwyb6',97,0,NULL),(376,'2025-02-27 15:07:08','빛의 각도에 따라 반짝이는 정도가 달라서 더욱 매력적인 느낌이에요.  ',NULL,NULL,NULL,5,'5e3adc',109,0,NULL),(377,'2025-02-27 15:07:08','착용감이 가볍고 부드러워서 목에 부담 없이 편안하게 감기는 느낌이 좋아요.  ','2038.jpeg','2037.jpeg',NULL,3,'gz4c4p',118,0,NULL),(378,'2025-02-27 15:07:08','사진보다 실물이 훨씬 예쁘고, 반짝임이 자연스러워서 더욱 만족스러워요.  ','2065.jpeg','2088.jpeg',NULL,2,'7uqeg5429',116,0,NULL),(379,'2025-02-27 15:07:08','선물용으로 구매했는데 패키지부터 제품까지 모두 만족스러워서 기분이 좋아요.  ',NULL,NULL,NULL,4,'85g8jzo',91,0,NULL),(380,'2025-02-27 15:07:08','여러 개 레이어드해도 전혀 부담스럽지 않고 세련된 느낌을 연출할 수 있어요.  ',NULL,NULL,NULL,4,'56w333311',106,0,NULL),(381,'2025-02-27 15:07:08','간단한 옷차림에도 이 목걸이 하나만 걸치면 스타일이 확 살아나는 기분이에요.  ','2034.jpeg','2035.jpeg',NULL,5,'lo59feup0md',78,0,NULL),(382,'2025-02-27 15:07:08','체인이 얇아서 여성스럽지만 튼튼해서 쉽게 끊어지지 않을 것 같아요.  ',NULL,NULL,NULL,5,'6noror',83,0,NULL),(383,'2025-02-27 15:07:08','빛을 받으면 은은하게 반짝여서 피부 톤도 한층 밝아 보이는 효과가 있어요.  ',NULL,NULL,NULL,4,'f7gvm9qrwyb6',83,0,NULL),(384,'2025-02-27 15:07:08','고급스러운 분위기가 있어서 격식 있는 자리에서도 잘 어울리는 디자인이에요.  ',NULL,NULL,NULL,4,'5e3adc',105,0,NULL),(385,'2025-02-27 15:07:08','심플한 디자인 덕분에 레이어드 스타일링을 할 때 더욱 활용도가 높은 제품이에요.  ',NULL,NULL,NULL,4,'gz4c4p',70,0,NULL),(386,'2025-02-27 15:07:08','마감 처리가 깔끔해서 피부에 닿아도 거슬리는 느낌이 전혀 들지 않아요.  ',NULL,NULL,NULL,5,'7uqeg5429',108,0,NULL),(387,'2025-02-27 15:07:08','손이 자주 가는 제품이라 매일 착용해도 질리지 않고 만족도가 높아요.  ',NULL,NULL,NULL,3,'85g8jzo',77,0,NULL),(388,'2025-02-27 15:07:08','길이 조절이 가능해서 의상에 따라 다양하게 스타일링할 수 있어서 좋아요.  ',NULL,NULL,NULL,5,'56w333311',96,0,NULL),(389,'2025-02-27 15:07:08','특별한 날뿐만 아니라 평상시에도 부담 없이 착용할 수 있는 디자인이에요.  ','2038.jpeg','2037.jpeg',NULL,2,'qmhx4m',75,0,NULL),(390,'2025-02-27 15:07:08','하나만 착용해도 포인트가 되어서 심플한 룩에도 잘 어울리는 목걸이예요.  ','2065.jpeg','2088.jpeg',NULL,5,'5ypeven8',102,0,NULL),(391,'2025-02-27 15:07:08','사진으로 봤을 때보다 직접 착용해보니 훨씬 더 예쁘고 만족스러웠어요.  ',NULL,NULL,NULL,4,'69y8nwok',86,0,NULL),(392,'2025-02-27 15:07:08','너무 과하지 않으면서도 세련된 분위기를 연출할 수 있어서 자주 착용해요.  ',NULL,NULL,NULL,3,'a85w18',109,0,NULL),(393,'2025-02-27 15:07:08','체인이 섬세하게 디자인되어 있어서 여성스럽고 우아한 느낌이 들어요.  ','2034.jpeg','2035.jpeg',NULL,3,'q46l3ietp8',116,0,NULL),(394,'2025-02-27 15:07:08','오랫동안 착용해도 피부에 자극이 없어서 매일 착용하기에도 부담이 없어요.  ',NULL,NULL,NULL,3,'tlemkwqn',105,0,NULL),(395,'2025-02-27 15:07:08','빛에 따라 색감이 달라 보이는 게 너무 신비롭고 아름다워요.  ',NULL,NULL,NULL,5,'vfs6u3',90,0,NULL),(396,'2025-02-27 15:07:08','심플한 디자인이지만 목선을 더 예뻐 보이게 해주는 효과가 있어요.  ',NULL,NULL,NULL,4,'qmhx4m',115,0,NULL),(397,'2025-02-27 15:07:08','가벼워서 하루 종일 착용해도 목에 부담이 없고 편안한 착용감이 좋아요.  ',NULL,NULL,NULL,3,'5ypeven8',79,0,NULL),(398,'2025-02-27 15:07:08','선물했는데 받는 분이 너무 좋아해서 뿌듯하고 기분이 좋았어요.  ',NULL,NULL,NULL,4,'69y8nwok',115,0,NULL),(399,'2025-02-27 15:07:08','어떤 옷에도 자연스럽게 어울려서 매일 착용하기에 딱 좋은 목걸이예요.',NULL,NULL,NULL,2,'a85w18',91,0,NULL),(400,'2025-02-27 15:07:08','오래 착용해도 목이 불편하지 않아서 너무 좋아요.',NULL,NULL,NULL,5,'q46l3ietp8',92,0,NULL),(401,'2025-02-27 15:07:08','사진보다 실물이 훨씬 더 예쁘고 고급스러워요.',NULL,NULL,NULL,3,'tlemkwqn',100,0,NULL),(402,'2025-02-27 15:07:08','깔끔한 디자인이라 레이어드하기에도 좋아요.',NULL,NULL,NULL,4,'vfs6u3',117,0,NULL),(403,'2025-02-27 15:10:20','빛을 받을 때마다 자연스럽게 반짝여서 얼굴이 한층 더 화사해 보이는 느낌이에요.  ','3121.jpeg','3122.jpeg',NULL,3,'zgo0j3',151,0,NULL),(404,'2025-02-27 15:10:20','가벼운 무게감 덕분에 하루 종일 착용해도 귀가 아프지 않아서 좋아요.  ','3128.jpeg','3127.jpeg',NULL,4,'znkn5egs71vv',149,0,NULL),(405,'2025-02-27 15:10:20','디자인이 심플하면서도 고급스러워서 데일리로 착용하기 딱 좋은 제품이에요.  ',NULL,NULL,NULL,4,'zsil1ebv7qqu',136,0,NULL),(406,'2025-02-27 15:10:20','알러지 걱정이 많았는데 하루 종일 착용해도 가렵거나 불편한 느낌이 전혀 없었어요.  ',NULL,NULL,NULL,2,'1e5nwer89tlr',135,0,NULL),(407,'2025-02-27 15:10:20','포장까지 너무 예뻐서 선물용으로도 손색이 없는 제품이에요.  ','3146.jpeg','3148.jpeg',NULL,3,'2kohbjpf',133,0,NULL),(408,'2025-02-27 15:10:20','귓볼에 부담 없이 착 감기는 착용감 덕분에 장시간 착용해도 불편함이 없어요.  ',NULL,NULL,NULL,5,'4duao8tl',154,0,NULL),(409,'2025-02-27 15:10:20','캐주얼한 옷에도, 정장에도 자연스럽게 어울려서 활용도가 높아요.  ','3145.jpeg',NULL,NULL,5,'4onz5n',144,0,NULL),(410,'2025-02-27 15:10:20','사진보다 실물이 훨씬 더 반짝이고 예뻐서 기대 이상으로 만족했어요.  ',NULL,NULL,NULL,4,'56w333311',123,0,NULL),(411,'2025-02-27 15:10:20','작지만 확실한 포인트가 되어 얼굴이 더 밝아 보이는 효과가 있어요.  ','3061.jpeg','3062.jpeg',NULL,5,'5e3adc',129,0,NULL),(412,'2025-02-27 15:10:20','빛에 따라 색감이 살짝 다르게 보이는 게 너무 매력적이에요.  ',NULL,NULL,NULL,4,'5w5cv6oc543',157,0,NULL),(413,'2025-02-27 15:10:20','고급스러운 디자인이라 특별한 날에도 착용하기 좋은 귀걸이에요.  ',NULL,NULL,NULL,5,'5ypeven8',138,0,NULL),(414,'2025-02-27 15:10:20','무광과 유광이 적절하게 조합되어 있어서 너무 화려하지 않으면서도 세련돼 보여요.  ',NULL,NULL,NULL,5,'613olx6add5',144,0,NULL),(415,'2025-02-27 15:10:20','디자인이 깔끔해서 어떤 스타일에도 잘 어울리고 자주 손이 가는 제품이에요.  ',NULL,NULL,NULL,4,'69y8nwok',143,0,NULL),(416,'2025-02-27 15:10:20','침 부분이 튼튼하게 제작되어 있어서 쉽게 휘어지거나 망가지지 않을 것 같아요.  ','3067.jpeg',NULL,NULL,4,'6i7c0w7',140,0,NULL),(417,'2025-02-27 15:10:20','착용할 때 무게감이 전혀 느껴지지 않아서 귀에 부담이 없어요.  ',NULL,NULL,NULL,5,'6noror',121,0,NULL),(418,'2025-02-27 15:10:20','빛나는 정도가 자연스럽고 과하지 않아서 오피스룩과도 잘 어울려요.  ',NULL,NULL,NULL,5,'736kfg',168,0,NULL),(419,'2025-02-27 15:10:20','귓볼을 너무 눌러서 아프지 않게 딱 적당한 핏으로 착용할 수 있어요.  ',NULL,NULL,NULL,3,'7sa59qnk75d',143,0,NULL),(420,'2025-02-27 15:10:20','귀를 뚫지 않은 친구에게 선물했는데 클립형이라 편하게 착용할 수 있어서 좋아했어요.  ',NULL,NULL,NULL,5,'7uqeg5429',142,0,NULL),(421,'2025-02-27 15:10:20','오랜 시간 착용해도 변색이 없고 처음 그대로의 상태를 유지하고 있어요.  ',NULL,NULL,NULL,5,'85g8jzo',165,0,NULL),(422,'2025-02-27 15:10:20','움직일 때마다 자연스럽게 흔들려서 더욱 우아한 느낌이 드는 디자인이에요.  ',NULL,NULL,NULL,5,'8hwbnabm',156,0,NULL),(423,'2025-02-27 15:10:20','심플하지만 디테일이 살아 있어서 가까이에서 보면 더욱 고급스러워 보여요.  ','3121.jpeg','3122.jpeg',NULL,5,'9t7v7ysbeb',144,0,NULL),(424,'2025-02-27 15:10:20','클래식한 디자인이라 시간이 지나도 질리지 않고 오래 착용할 수 있을 것 같아요.  ','3128.jpeg','3127.jpeg',NULL,3,'a85w18',156,0,NULL),(425,'2025-02-27 15:10:20','포인트 액세서리로 딱 좋아서 단독으로 착용해도 세련된 느낌이 들어요.  ',NULL,NULL,NULL,5,'aewris5w913',159,0,NULL),(426,'2025-02-27 15:10:20','귓볼이 작아서 귀걸이 착용이 어려운 편인데, 크기가 딱 맞아서 만족스러워요.  ',NULL,NULL,NULL,4,'bdb93suo',162,0,NULL),(427,'2025-02-27 15:10:20','디자인이 너무 예뻐서 같은 시리즈로 다른 액세서리도 사고 싶어졌어요.  ','3146.jpeg','3148.jpeg',NULL,5,'dab5c30uljiv',126,0,NULL),(428,'2025-02-27 15:10:20','소재가 튼튼해서 쉽게 부러지거나 손상될 걱정 없이 착용할 수 있어요.  ',NULL,NULL,NULL,4,'erin5g9',157,0,NULL),(429,'2025-02-27 15:10:20','침 부분이 귀에 닿아도 전혀 따갑거나 가렵지 않아서 만족도가 높아요.  ','3145.jpeg',NULL,NULL,5,'f4dpyqt',128,0,NULL),(430,'2025-02-27 15:10:20','가벼운 귀걸이를 찾고 있었는데 딱 원하는 느낌이라 너무 마음에 들어요.  ',NULL,NULL,NULL,5,'f7gvm9qrwyb6',147,0,NULL),(431,'2025-02-27 15:10:20','데일리로 착용하기에도 부담스럽지 않고 오피스룩에도 잘 어울려요.  ','3061.jpeg','3062.jpeg',NULL,4,'fjoaljlq',121,0,NULL),(432,'2025-02-27 15:10:20','특별한 날을 위해 구매했는데 생각보다 더 예뻐서 일상에서도 자주 착용하게 돼요.  ',NULL,NULL,NULL,5,'gz4c4p',166,0,NULL),(433,'2025-02-27 15:10:20','세련된 디자인이라 나이에 상관없이 누구에게나 잘 어울릴 것 같아요.  ',NULL,NULL,NULL,5,'imvfcbijmbee',135,0,NULL),(434,'2025-02-27 15:10:20','귀를 뚫지 않아도 착용할 수 있는 디자인이라 편리하고 활용도가 높아요.  ',NULL,NULL,NULL,3,'j0mxmt',138,0,NULL),(435,'2025-02-27 15:10:20','디자인이 유행을 타지 않아서 오랫동안 착용해도 손색이 없는 제품이에요.  ',NULL,NULL,NULL,4,'jy0yp9x',148,0,NULL),(436,'2025-02-27 15:10:20','손으로 만졌을 때 마감 처리가 깔끔하게 되어 있어 퀄리티가 높다는 게 느껴져요.  ','3067.jpeg',NULL,NULL,5,'k5kyqh',142,0,NULL),(437,'2025-02-27 15:10:20','어두운 색상의 옷을 입을 때 착용하면 얼굴을 더 환하게 밝혀줘서 좋아요.  ',NULL,NULL,NULL,5,'krfdi2',120,0,NULL),(438,'2025-02-27 15:10:20','여러 개 레이어드해서 착용해도 전혀 부담스럽지 않고 조화롭게 어울려요.  ',NULL,NULL,NULL,5,'lo59feup0md',150,0,NULL),(439,'2025-02-27 15:10:20','클래식하면서도 현대적인 감각이 돋보이는 디자인이라 소장 가치가 있어요.  ',NULL,NULL,NULL,4,'mrsh15561pw',129,0,NULL),(440,'2025-02-27 15:10:20','특별한 스타일링 없이도 이 귀걸이 하나만으로도 충분히 포인트가 돼요.  ',NULL,NULL,NULL,5,'mu1ceroj32wz',133,0,NULL),(441,'2025-02-27 15:10:20','빛을 받을 때마다 은은하게 반짝여서 너무 과하지 않으면서도 고급스러워요.  ',NULL,NULL,NULL,5,'my2o7xb954',142,0,NULL),(442,'2025-02-27 15:10:20','귀걸이 뒷부분이 단단하게 고정돼서 쉽게 빠지거나 잃어버릴 걱정이 없어요.  ','3121.jpeg','3122.jpeg',NULL,5,'nt20etl4p6mq',133,0,NULL),(443,'2025-02-27 15:10:20','작지만 존재감이 있어서 얼굴이 더 작아 보이는 효과가 있는 것 같아요.  ','3128.jpeg','3127.jpeg',NULL,5,'pcjro43e',165,0,NULL),(444,'2025-02-27 15:10:20','어떤 룩에도 쉽게 매치할 수 있어서 매일 착용해도 질리지 않아요.  ',NULL,NULL,NULL,3,'q46l3ietp8',138,0,NULL),(445,'2025-02-27 15:10:20','디자인이 너무 세련돼서 한번 착용해 보면 자꾸 손이 가는 제품이에요.  ',NULL,NULL,NULL,4,'qc8bweu',137,0,NULL),(446,'2025-02-27 15:10:20','침 길이가 적당해서 귓볼이 두꺼운 편인 저에게도 잘 맞아요.  ','3146.jpeg','3148.jpeg',NULL,5,'qmhx4m',135,0,NULL),(447,'2025-02-27 15:10:20','선물용으로 구매했는데 포장부터 제품까지 고급스러워서 받는 사람이 좋아했어요.  ',NULL,NULL,NULL,4,'rig2a1jswr',145,0,NULL),(448,'2025-02-27 15:10:20','무광과 유광이 적절하게 조화되어 있어 빛에 따라 색다른 매력이 느껴져요.  ','3145.jpeg',NULL,NULL,5,'sk8t54bmeg',154,0,NULL),(449,'2025-02-27 15:10:20','길이가 너무 길거나 짧지 않아서 다양한 스타일과 매치하기 좋은 제품이에요.  ',NULL,NULL,NULL,5,'test',148,0,NULL),(450,'2025-02-27 15:10:20','흔하지 않은 디자인이라 더욱 소장 가치가 느껴지는 귀걸이예요.  ','3061.jpeg','3062.jpeg',NULL,5,'tlemkwqn',167,0,NULL),(451,'2025-02-27 15:10:20','마감 처리가 깔끔해서 피부에 닿는 느낌이 부드럽고 편안해요.  ',NULL,NULL,NULL,4,'v0uoli',137,0,NULL),(452,'2025-02-27 15:10:20','빛을 받을 때마다 자연스럽게 반짝여서 얼굴이 한층 더 화사해 보이는 느낌이에요.  ',NULL,NULL,NULL,5,'vfs6u3',166,0,NULL),(453,'2025-02-27 15:10:20','가벼운 무게감 덕분에 하루 종일 착용해도 귀가 아프지 않아서 좋아요.  ',NULL,NULL,NULL,5,'xxw8gm',151,0,NULL),(454,'2025-02-27 15:10:20','디자인이 심플하면서도 고급스러워서 데일리로 착용하기 딱 좋은 제품이에요.  ',NULL,NULL,NULL,5,'y4ql31gfw',149,0,NULL),(455,'2025-02-27 15:10:20','알러지 걱정이 많았는데 하루 종일 착용해도 가렵거나 불편한 느낌이 전혀 없었어요.  ','3067.jpeg',NULL,NULL,4,'zgo0j3',136,0,NULL),(456,'2025-02-27 15:10:20','포장까지 너무 예뻐서 선물용으로도 손색이 없는 제품이에요.  ',NULL,NULL,NULL,5,'znkn5egs71vv',135,0,NULL),(457,'2025-02-27 15:10:20','귓볼에 부담 없이 착 감기는 착용감 덕분에 장시간 착용해도 불편함이 없어요.  ',NULL,NULL,NULL,5,'zsil1ebv7qqu',133,0,NULL),(458,'2025-02-27 15:10:20','캐주얼한 옷에도, 정장에도 자연스럽게 어울려서 활용도가 높아요.  ',NULL,NULL,NULL,2,'1e5nwer89tlr',154,0,NULL),(459,'2025-02-27 15:10:20','사진보다 실물이 훨씬 더 반짝이고 예뻐서 기대 이상으로 만족했어요.  ',NULL,NULL,NULL,2,'2kohbjpf',144,0,NULL),(460,'2025-02-27 15:10:20','작지만 확실한 포인트가 되어 얼굴이 더 밝아 보이는 효과가 있어요.  ',NULL,NULL,NULL,5,'4duao8tl',123,0,NULL),(461,'2025-02-27 15:10:20','빛에 따라 색감이 살짝 다르게 보이는 게 너무 매력적이에요.  ',NULL,NULL,NULL,4,'4onz5n',129,0,NULL),(462,'2025-02-27 15:10:20','고급스러운 디자인이라 특별한 날에도 착용하기 좋은 귀걸이에요.  ',NULL,NULL,NULL,5,'56w333311',157,0,NULL),(463,'2025-02-27 15:10:20','무광과 유광이 적절하게 조합되어 있어서 너무 화려하지 않으면서도 세련돼 보여요.  ',NULL,NULL,NULL,1,'5e3adc',138,0,NULL),(464,'2025-02-27 15:10:20','디자인이 깔끔해서 어떤 스타일에도 잘 어울리고 자주 손이 가는 제품이에요.  ',NULL,NULL,NULL,5,'5w5cv6oc543',144,0,NULL),(465,'2025-02-27 15:10:20','침 부분이 튼튼하게 제작되어 있어서 쉽게 휘어지거나 망가지지 않을 것 같아요.  ',NULL,NULL,NULL,3,'5ypeven8',143,0,NULL),(466,'2025-02-27 15:10:20','착용할 때 무게감이 전혀 느껴지지 않아서 귀에 부담이 없어요.  ',NULL,NULL,NULL,4,'613olx6add5',140,0,NULL),(467,'2025-02-27 15:10:20','빛나는 정도가 자연스럽고 과하지 않아서 오피스룩과도 잘 어울려요.  ',NULL,NULL,NULL,4,'69y8nwok',121,0,NULL),(468,'2025-02-27 15:10:20','귓볼을 너무 눌러서 아프지 않게 딱 적당한 핏으로 착용할 수 있어요.  ',NULL,NULL,NULL,4,'6i7c0w7',168,0,NULL),(469,'2025-02-27 15:10:20','귀를 뚫지 않은 친구에게 선물했는데 클립형이라 편하게 착용할 수 있어서 좋아했어요.  ','3121.jpeg','3122.jpeg',NULL,3,'6noror',143,0,NULL),(470,'2025-02-27 15:10:20','오랜 시간 착용해도 변색이 없고 처음 그대로의 상태를 유지하고 있어요.  ','3128.jpeg','3127.jpeg',NULL,4,'736kfg',142,0,NULL),(471,'2025-02-27 15:10:20','움직일 때마다 자연스럽게 흔들려서 더욱 우아한 느낌이 드는 디자인이에요.  ',NULL,NULL,NULL,5,'7sa59qnk75d',165,0,NULL),(472,'2025-02-27 15:10:20','심플하지만 디테일이 살아 있어서 가까이에서 보면 더욱 고급스러워 보여요.  ',NULL,NULL,NULL,4,'7uqeg5429',156,0,NULL),(473,'2025-02-27 15:10:20','클래식한 디자인이라 시간이 지나도 질리지 않고 오래 착용할 수 있을 것 같아요.  ','3146.jpeg','3148.jpeg',NULL,5,'85g8jzo',144,0,NULL),(474,'2025-02-27 15:10:20','포인트 액세서리로 딱 좋아서 단독으로 착용해도 세련된 느낌이 들어요.  ',NULL,NULL,NULL,3,'8hwbnabm',156,0,NULL),(475,'2025-02-27 15:10:20','귓볼이 작아서 귀걸이 착용이 어려운 편인데, 크기가 딱 맞아서 만족스러워요.  ','3145.jpeg',NULL,NULL,5,'9t7v7ysbeb',159,0,NULL),(476,'2025-02-27 15:10:20','디자인이 너무 예뻐서 같은 시리즈로 다른 액세서리도 사고 싶어졌어요.  ',NULL,NULL,NULL,3,'a85w18',162,0,NULL),(477,'2025-02-27 15:10:20','소재가 튼튼해서 쉽게 부러지거나 손상될 걱정 없이 착용할 수 있어요.  ','3061.jpeg','3062.jpeg',NULL,2,'aewris5w913',126,0,NULL),(478,'2025-02-27 15:10:20','침 부분이 귀에 닿아도 전혀 따갑거나 가렵지 않아서 만족도가 높아요.  ',NULL,NULL,NULL,4,'bdb93suo',157,0,NULL),(479,'2025-02-27 15:10:20','가벼운 귀걸이를 찾고 있었는데 딱 원하는 느낌이라 너무 마음에 들어요.  ',NULL,NULL,NULL,4,'dab5c30uljiv',128,0,NULL),(480,'2025-02-27 15:10:20','데일리로 착용하기에도 부담스럽지 않고 오피스룩에도 잘 어울려요.  ',NULL,NULL,NULL,5,'erin5g9',147,0,NULL),(481,'2025-02-27 15:10:20','특별한 날을 위해 구매했는데 생각보다 더 예뻐서 일상에서도 자주 착용하게 돼요.  ',NULL,NULL,NULL,5,'f4dpyqt',121,0,NULL),(482,'2025-02-27 15:10:20','세련된 디자인이라 나이에 상관없이 누구에게나 잘 어울릴 것 같아요.  ','3067.jpeg',NULL,NULL,4,'f7gvm9qrwyb6',166,0,NULL),(483,'2025-02-27 15:10:20','귀를 뚫지 않아도 착용할 수 있는 디자인이라 편리하고 활용도가 높아요.  ',NULL,NULL,NULL,4,'fjoaljlq',135,0,NULL),(484,'2025-02-27 15:10:20','디자인이 유행을 타지 않아서 오랫동안 착용해도 손색이 없는 제품이에요.  ',NULL,NULL,NULL,4,'gz4c4p',138,0,NULL),(485,'2025-02-27 15:10:20','손으로 만졌을 때 마감 처리가 깔끔하게 되어 있어 퀄리티가 높다는 게 느껴져요.  ',NULL,NULL,NULL,5,'imvfcbijmbee',148,0,NULL),(486,'2025-02-27 15:10:20','어두운 색상의 옷을 입을 때 착용하면 얼굴을 더 환하게 밝혀줘서 좋아요.  ',NULL,NULL,NULL,3,'j0mxmt',142,0,NULL),(487,'2025-02-27 15:10:20','여러 개 레이어드해서 착용해도 전혀 부담스럽지 않고 조화롭게 어울려요.  ',NULL,NULL,NULL,5,'jy0yp9x',120,0,NULL),(488,'2025-02-27 15:10:20','클래식하면서도 현대적인 감각이 돋보이는 디자인이라 소장 가치가 있어요.  ',NULL,NULL,NULL,2,'k5kyqh',150,0,NULL),(489,'2025-02-27 15:10:20','특별한 스타일링 없이도 이 귀걸이 하나만으로도 충분히 포인트가 돼요.  ',NULL,NULL,NULL,5,'krfdi2',129,0,NULL),(490,'2025-02-27 15:10:20','빛을 받을 때마다 은은하게 반짝여서 너무 과하지 않으면서도 고급스러워요.  ',NULL,NULL,NULL,4,'lo59feup0md',133,0,NULL),(491,'2025-02-27 15:10:20','귀걸이 뒷부분이 단단하게 고정돼서 쉽게 빠지거나 잃어버릴 걱정이 없어요.  ','3121.jpeg','3122.jpeg',NULL,3,'mrsh15561pw',142,0,NULL),(492,'2025-02-27 15:10:20','작지만 존재감이 있어서 얼굴이 더 작아 보이는 효과가 있는 것 같아요.  ','3128.jpeg','3127.jpeg',NULL,3,'mu1ceroj32wz',133,0,NULL),(493,'2025-02-27 15:10:20','어떤 룩에도 쉽게 매치할 수 있어서 매일 착용해도 질리지 않아요.  ',NULL,NULL,NULL,3,'my2o7xb954',165,0,NULL),(494,'2025-02-27 15:10:20','디자인이 너무 세련돼서 한번 착용해 보면 자꾸 손이 가는 제품이에요.  ',NULL,NULL,NULL,5,'nt20etl4p6mq',138,0,NULL),(495,'2025-02-27 15:10:20','침 길이가 적당해서 귓볼이 두꺼운 편인 저에게도 잘 맞아요.  ','3146.jpeg','3148.jpeg',NULL,4,'pcjro43e',137,0,NULL),(496,'2025-02-27 15:10:20','선물용으로 구매했는데 포장부터 제품까지 고급스러워서 받는 사람이 좋아했어요.  ',NULL,NULL,NULL,3,'q46l3ietp8',135,0,NULL),(497,'2025-02-27 15:10:20','무광과 유광이 적절하게 조화되어 있어 빛에 따라 색다른 매력이 느껴져요.  ','3145.jpeg',NULL,NULL,4,'qc8bweu',145,0,NULL),(498,'2025-02-27 15:10:20','길이가 너무 길거나 짧지 않아서 다양한 스타일과 매치하기 좋은 제품이에요.  ',NULL,NULL,NULL,2,'qmhx4m',154,0,NULL),(499,'2025-02-27 15:10:20','흔하지 않은 디자인이라 더욱 소장 가치가 느껴지는 귀걸이예요.  ','3061.jpeg','3062.jpeg',NULL,5,'rig2a1jswr',148,0,NULL),(500,'2025-02-27 15:10:20','마감 처리가 깔끔해서 피부에 닿는 느낌이 부드럽고 편안해요.  ',NULL,NULL,NULL,3,'sk8t54bmeg',167,0,NULL),(501,'2025-02-27 15:10:20','빛을 받을 때마다 자연스럽게 반짝여서 얼굴이 한층 더 화사해 보이는 느낌이에요.  ',NULL,NULL,NULL,4,'test',137,0,NULL),(502,'2025-02-27 15:10:20','가벼운 무게감 덕분에 하루 종일 착용해도 귀가 아프지 않아서 좋아요.  ',NULL,NULL,NULL,5,'tlemkwqn',166,0,NULL),(503,'2025-02-27 15:10:20','디자인이 심플하면서도 고급스러워서 데일리로 착용하기 딱 좋은 제품이에요.  ',NULL,NULL,NULL,3,'v0uoli',151,0,NULL),(504,'2025-02-27 15:10:20','알러지 걱정이 많았는데 하루 종일 착용해도 가렵거나 불편한 느낌이 전혀 없었어요.  ','3067.jpeg',NULL,NULL,5,'vfs6u3',149,0,NULL),(505,'2025-02-27 15:10:20','포장까지 너무 예뻐서 선물용으로도 손색이 없는 제품이에요.  ',NULL,NULL,NULL,5,'xxw8gm',136,0,NULL),(506,'2025-02-27 15:10:20','귓볼에 부담 없이 착 감기는 착용감 덕분에 장시간 착용해도 불편함이 없어요.  ',NULL,NULL,NULL,4,'y4ql31gfw',135,0,NULL),(507,'2025-02-27 15:10:20','캐주얼한 옷에도, 정장에도 자연스럽게 어울려서 활용도가 높아요.  ',NULL,NULL,NULL,5,'zgo0j3',133,0,NULL),(508,'2025-02-27 15:10:20','사진보다 실물이 훨씬 더 반짝이고 예뻐서 기대 이상으로 만족했어요.  ',NULL,NULL,NULL,5,'znkn5egs71vv',154,0,NULL),(509,'2025-02-27 15:10:20','작지만 확실한 포인트가 되어 얼굴이 더 밝아 보이는 효과가 있어요.  ',NULL,NULL,NULL,2,'zsil1ebv7qqu',144,0,NULL),(510,'2025-02-27 15:10:20','빛에 따라 색감이 살짝 다르게 보이는 게 너무 매력적이에요.  ',NULL,NULL,NULL,2,'y4ql31gfw',123,0,NULL),(511,'2025-02-27 15:10:20','고급스러운 디자인이라 특별한 날에도 착용하기 좋은 귀걸이에요.  ',NULL,NULL,NULL,5,'jy0yp9x',129,0,NULL),(512,'2025-02-27 15:10:21','무광과 유광이 적절하게 조합되어 있어서 너무 화려하지 않으면서도 세련돼 보여요.  ',NULL,NULL,NULL,4,'sk8t54bmeg',157,0,NULL),(513,'2025-02-27 15:10:21','디자인이 깔끔해서 어떤 스타일에도 잘 어울리고 자주 손이 가는 제품이에요.  ','3121.jpeg','3122.jpeg',NULL,5,'sk8t54bmeg',138,0,NULL),(514,'2025-02-27 15:10:21','침 부분이 튼튼하게 제작되어 있어서 쉽게 휘어지거나 망가지지 않을 것 같아요.  ','3128.jpeg','3127.jpeg',NULL,1,'mrsh15561pw',144,0,NULL),(515,'2025-02-27 15:10:21','착용할 때 무게감이 전혀 느껴지지 않아서 귀에 부담이 없어요.  ',NULL,NULL,NULL,5,'613olx6add5',143,0,NULL),(516,'2025-02-27 15:10:21','빛나는 정도가 자연스럽고 과하지 않아서 오피스룩과도 잘 어울려요.  ',NULL,NULL,NULL,3,'8hwbnabm',140,0,NULL),(517,'2025-02-27 15:10:21','귓볼을 너무 눌러서 아프지 않게 딱 적당한 핏으로 착용할 수 있어요.  ','3146.jpeg','3148.jpeg',NULL,4,'f4dpyqt',121,0,NULL),(518,'2025-02-27 15:10:21','귀를 뚫지 않은 친구에게 선물했는데 클립형이라 편하게 착용할 수 있어서 좋아했어요.  ',NULL,NULL,NULL,4,'v0uoli',168,0,NULL),(519,'2025-02-27 15:10:21','오랜 시간 착용해도 변색이 없고 처음 그대로의 상태를 유지하고 있어요.  ','3145.jpeg',NULL,NULL,4,'znkn5egs71vv',143,0,NULL),(520,'2025-02-27 15:10:21','움직일 때마다 자연스럽게 흔들려서 더욱 우아한 느낌이 드는 디자인이에요.  ',NULL,NULL,NULL,3,'xxw8gm',142,0,NULL),(521,'2025-02-27 15:10:21','심플하지만 디테일이 살아 있어서 가까이에서 보면 더욱 고급스러워 보여요.  ','3061.jpeg','3062.jpeg',NULL,4,'nt20etl4p6mq',165,0,NULL),(522,'2025-02-27 15:10:21','클래식한 디자인이라 시간이 지나도 질리지 않고 오래 착용할 수 있을 것 같아요.  ',NULL,NULL,NULL,5,'qc8bweu',156,0,NULL),(523,'2025-02-27 15:10:21','포인트 액세서리로 딱 좋아서 단독으로 착용해도 세련된 느낌이 들어요.  ',NULL,NULL,NULL,4,'test',144,0,NULL),(524,'2025-02-27 15:10:21','귓볼이 작아서 귀걸이 착용이 어려운 편인데, 크기가 딱 맞아서 만족스러워요.  ',NULL,NULL,NULL,5,'lo59feup0md',156,0,NULL),(525,'2025-02-27 15:10:21','디자인이 너무 예뻐서 같은 시리즈로 다른 액세서리도 사고 싶어졌어요.  ',NULL,NULL,NULL,3,'6noror',159,0,NULL),(526,'2025-02-27 15:10:21','소재가 튼튼해서 쉽게 부러지거나 손상될 걱정 없이 착용할 수 있어요.  ','3067.jpeg',NULL,NULL,5,'f7gvm9qrwyb6',162,0,NULL),(527,'2025-02-27 15:10:21','침 부분이 귀에 닿아도 전혀 따갑거나 가렵지 않아서 만족도가 높아요.  ',NULL,NULL,NULL,3,'5e3adc',126,0,NULL),(528,'2025-02-27 15:10:21','가벼운 귀걸이를 찾고 있었는데 딱 원하는 느낌이라 너무 마음에 들어요.  ',NULL,NULL,NULL,2,'gz4c4p',157,0,NULL),(529,'2025-02-27 15:10:21','데일리로 착용하기에도 부담스럽지 않고 오피스룩에도 잘 어울려요.  ',NULL,NULL,NULL,4,'7uqeg5429',128,0,NULL),(530,'2025-02-27 15:10:21','특별한 날을 위해 구매했는데 생각보다 더 예뻐서 일상에서도 자주 착용하게 돼요.  ',NULL,NULL,NULL,4,'85g8jzo',147,0,NULL),(531,'2025-02-27 15:10:21','세련된 디자인이라 나이에 상관없이 누구에게나 잘 어울릴 것 같아요.  ',NULL,NULL,NULL,5,'56w333311',121,0,NULL),(532,'2025-02-27 15:10:21','귀를 뚫지 않아도 착용할 수 있는 디자인이라 편리하고 활용도가 높아요.  ',NULL,NULL,NULL,5,'lo59feup0md',166,0,NULL),(533,'2025-02-27 15:10:21','디자인이 유행을 타지 않아서 오랫동안 착용해도 손색이 없는 제품이에요.  ',NULL,NULL,NULL,4,'6noror',135,0,NULL),(534,'2025-02-27 15:10:21','손으로 만졌을 때 마감 처리가 깔끔하게 되어 있어 퀄리티가 높다는 게 느껴져요.  ','3121.jpeg','3122.jpeg',NULL,4,'f7gvm9qrwyb6',138,0,NULL),(535,'2025-02-27 15:10:21','어두운 색상의 옷을 입을 때 착용하면 얼굴을 더 환하게 밝혀줘서 좋아요.  ','3128.jpeg','3127.jpeg',NULL,4,'5e3adc',148,0,NULL),(536,'2025-02-27 15:10:21','여러 개 레이어드해서 착용해도 전혀 부담스럽지 않고 조화롭게 어울려요.  ',NULL,NULL,NULL,5,'gz4c4p',142,0,NULL),(537,'2025-02-27 15:10:21','클래식하면서도 현대적인 감각이 돋보이는 디자인이라 소장 가치가 있어요.  ',NULL,NULL,NULL,3,'7uqeg5429',120,0,NULL),(538,'2025-02-27 15:10:21','특별한 스타일링 없이도 이 귀걸이 하나만으로도 충분히 포인트가 돼요.  ','3146.jpeg','3148.jpeg',NULL,5,'85g8jzo',150,0,NULL),(539,'2025-02-27 15:10:21','빛을 받을 때마다 은은하게 반짝여서 너무 과하지 않으면서도 고급스러워요.  ',NULL,NULL,NULL,2,'56w333311',129,0,NULL),(540,'2025-02-27 15:10:21','귀걸이 뒷부분이 단단하게 고정돼서 쉽게 빠지거나 잃어버릴 걱정이 없어요.  ','3145.jpeg',NULL,NULL,5,'qmhx4m',133,0,NULL),(541,'2025-02-27 15:10:21','작지만 존재감이 있어서 얼굴이 더 작아 보이는 효과가 있는 것 같아요.  ',NULL,NULL,NULL,4,'5ypeven8',142,0,NULL),(542,'2025-02-27 15:10:21','어떤 룩에도 쉽게 매치할 수 있어서 매일 착용해도 질리지 않아요.  ','3061.jpeg','3062.jpeg',NULL,3,'69y8nwok',133,0,NULL),(543,'2025-02-27 15:10:21','디자인이 너무 세련돼서 한번 착용해 보면 자꾸 손이 가는 제품이에요.  ',NULL,NULL,NULL,3,'a85w18',165,0,NULL),(544,'2025-02-27 15:10:21','침 길이가 적당해서 귓볼이 두꺼운 편인 저에게도 잘 맞아요.  ',NULL,NULL,NULL,3,'q46l3ietp8',138,0,NULL),(545,'2025-02-27 15:10:21','선물용으로 구매했는데 포장부터 제품까지 고급스러워서 받는 사람이 좋아했어요.  ',NULL,NULL,NULL,5,'tlemkwqn',137,0,NULL),(546,'2025-02-27 15:10:21','무광과 유광이 적절하게 조화되어 있어 빛에 따라 색다른 매력이 느껴져요.  ',NULL,NULL,NULL,4,'vfs6u3',135,0,NULL),(547,'2025-02-27 15:10:21','길이가 너무 길거나 짧지 않아서 다양한 스타일과 매치하기 좋은 제품이에요.  ','3067.jpeg',NULL,NULL,3,'qmhx4m',145,0,NULL),(548,'2025-02-27 15:10:21','흔하지 않은 디자인이라 더욱 소장 가치가 느껴지는 귀걸이예요.  ',NULL,NULL,NULL,4,'5ypeven8',154,0,NULL),(549,'2025-02-27 15:10:21','마감 처리가 깔끔해서 피부에 닿는 느낌이 부드럽고 편안해요.  ',NULL,NULL,NULL,2,'69y8nwok',148,0,NULL),(550,'2025-02-27 15:10:21','빛을 받을 때마다 자연스럽게 반짝여서 얼굴이 한층 더 화사해 보이는 느낌이에요.  ',NULL,NULL,NULL,5,'a85w18',167,0,NULL),(551,'2025-02-27 15:10:21','가벼운 무게감 덕분에 하루 종일 착용해도 귀가 아프지 않아서 좋아요.  ',NULL,NULL,NULL,3,'q46l3ietp8',137,0,NULL),(552,'2025-02-27 15:10:21','디자인이 심플하면서도 고급스러워서 데일리로 착용하기 딱 좋은 제품이에요.  ',NULL,NULL,NULL,4,'tlemkwqn',166,0,NULL),(553,'2025-02-27 15:10:21','알러지 걱정이 많았는데 하루 종일 착용해도 가렵거나 불편한 느낌이 전혀 없었어요.  ',NULL,NULL,NULL,5,'vfs6u3',151,0,NULL),(554,'2025-02-27 15:10:21','포장까지 너무 예뻐서 선물용으로도 손색이 없는 제품이에요.  ',NULL,NULL,NULL,5,'test',149,0,NULL),(555,'2025-02-27 15:10:21','귓볼에 부담 없이 착 감기는 착용감 덕분에 장시간 착용해도 불편함이 없어요.  ','3121.jpeg','3122.jpeg',NULL,5,'2kohbjpf',136,0,NULL),(556,'2025-02-27 15:10:21','캐주얼한 옷에도, 정장에도 자연스럽게 어울려서 활용도가 높아요.  ','3128.jpeg','3127.jpeg',NULL,4,'4duao8tl',135,0,NULL),(557,'2025-02-27 15:10:21','사진보다 실물이 훨씬 더 반짝이고 예뻐서 기대 이상으로 만족했어요.  ',NULL,NULL,NULL,5,'4onz5n',133,0,NULL),(558,'2025-02-27 15:10:21','작지만 확실한 포인트가 되어 얼굴이 더 밝아 보이는 효과가 있어요.  ',NULL,NULL,NULL,5,'56w333311',154,0,NULL),(559,'2025-02-27 15:10:21','빛에 따라 색감이 살짝 다르게 보이는 게 너무 매력적이에요.  ','3146.jpeg','3148.jpeg',NULL,2,'5e3adc',144,0,NULL),(560,'2025-02-27 15:10:21','고급스러운 디자인이라 특별한 날에도 착용하기 좋은 귀걸이에요.  ',NULL,NULL,NULL,2,'5w5cv6oc543',123,0,NULL),(561,'2025-02-27 15:10:21','무광과 유광이 적절하게 조합되어 있어서 너무 화려하지 않으면서도 세련돼 보여요.  ','3145.jpeg',NULL,NULL,5,'5ypeven8',129,0,NULL),(562,'2025-02-27 15:10:21','디자인이 깔끔해서 어떤 스타일에도 잘 어울리고 자주 손이 가는 제품이에요.  ',NULL,NULL,NULL,4,'613olx6add5',157,0,NULL),(563,'2025-02-27 15:10:21','침 부분이 튼튼하게 제작되어 있어서 쉽게 휘어지거나 망가지지 않을 것 같아요.  ','3061.jpeg','3062.jpeg',NULL,5,'69y8nwok',138,0,NULL),(564,'2025-02-27 15:10:21','착용할 때 무게감이 전혀 느껴지지 않아서 귀에 부담이 없어요.  ',NULL,NULL,NULL,1,'6i7c0w7',144,0,NULL),(565,'2025-02-27 15:10:21','빛나는 정도가 자연스럽고 과하지 않아서 오피스룩과도 잘 어울려요.  ',NULL,NULL,NULL,5,'6noror',143,0,NULL),(566,'2025-02-27 15:10:21','귓볼을 너무 눌러서 아프지 않게 딱 적당한 핏으로 착용할 수 있어요.  ',NULL,NULL,NULL,3,'736kfg',140,0,NULL),(567,'2025-02-27 15:10:21','귀를 뚫지 않은 친구에게 선물했는데 클립형이라 편하게 착용할 수 있어서 좋아했어요.  ',NULL,NULL,NULL,4,'7sa59qnk75d',121,0,NULL),(568,'2025-02-27 15:10:21','오랜 시간 착용해도 변색이 없고 처음 그대로의 상태를 유지하고 있어요.  ','3067.jpeg',NULL,NULL,4,'7uqeg5429',168,0,NULL),(569,'2025-02-27 15:10:21','움직일 때마다 자연스럽게 흔들려서 더욱 우아한 느낌이 드는 디자인이에요.  ',NULL,NULL,NULL,4,'85g8jzo',143,0,NULL),(570,'2025-02-27 15:10:21','심플하지만 디테일이 살아 있어서 가까이에서 보면 더욱 고급스러워 보여요.  ',NULL,NULL,NULL,3,'8hwbnabm',142,0,NULL),(571,'2025-02-27 15:10:21','클래식한 디자인이라 시간이 지나도 질리지 않고 오래 착용할 수 있을 것 같아요.  ',NULL,NULL,NULL,4,'9t7v7ysbeb',165,0,NULL),(572,'2025-02-27 15:10:21','포인트 액세서리로 딱 좋아서 단독으로 착용해도 세련된 느낌이 들어요.  ',NULL,NULL,NULL,5,'a85w18',156,0,NULL),(573,'2025-02-27 15:10:21','귓볼이 작아서 귀걸이 착용이 어려운 편인데, 크기가 딱 맞아서 만족스러워요.  ',NULL,NULL,NULL,4,'aewris5w913',144,0,NULL),(574,'2025-02-27 15:10:21','디자인이 너무 예뻐서 같은 시리즈로 다른 액세서리도 사고 싶어졌어요.  ',NULL,NULL,NULL,5,'bdb93suo',156,0,NULL),(575,'2025-02-27 15:10:21','소재가 튼튼해서 쉽게 부러지거나 손상될 걱정 없이 착용할 수 있어요.  ','3121.jpeg','3122.jpeg',NULL,3,'dab5c30uljiv',159,0,NULL),(576,'2025-02-27 15:10:21','침 부분이 귀에 닿아도 전혀 따갑거나 가렵지 않아서 만족도가 높아요.  ','3128.jpeg','3127.jpeg',NULL,5,'erin5g9',162,0,NULL),(577,'2025-02-27 15:10:21','가벼운 귀걸이를 찾고 있었는데 딱 원하는 느낌이라 너무 마음에 들어요.  ',NULL,NULL,NULL,3,'f4dpyqt',126,0,NULL),(578,'2025-02-27 15:10:21','데일리로 착용하기에도 부담스럽지 않고 오피스룩에도 잘 어울려요.  ',NULL,NULL,NULL,2,'f7gvm9qrwyb6',157,0,NULL),(579,'2025-02-27 15:10:21','특별한 날을 위해 구매했는데 생각보다 더 예뻐서 일상에서도 자주 착용하게 돼요.  ','3146.jpeg','3148.jpeg',NULL,4,'fjoaljlq',128,0,NULL),(580,'2025-02-27 15:10:21','세련된 디자인이라 나이에 상관없이 누구에게나 잘 어울릴 것 같아요.  ',NULL,NULL,NULL,4,'gz4c4p',147,0,NULL),(581,'2025-02-27 15:10:21','귀를 뚫지 않아도 착용할 수 있는 디자인이라 편리하고 활용도가 높아요.  ','3145.jpeg',NULL,NULL,5,'imvfcbijmbee',121,0,NULL),(582,'2025-02-27 15:10:21','디자인이 유행을 타지 않아서 오랫동안 착용해도 손색이 없는 제품이에요.  ',NULL,NULL,NULL,5,'j0mxmt',166,0,NULL),(583,'2025-02-27 15:10:21','손으로 만졌을 때 마감 처리가 깔끔하게 되어 있어 퀄리티가 높다는 게 느껴져요.  ','3061.jpeg','3062.jpeg',NULL,4,'jy0yp9x',135,0,NULL),(584,'2025-02-27 15:10:21','어두운 색상의 옷을 입을 때 착용하면 얼굴을 더 환하게 밝혀줘서 좋아요.  ',NULL,NULL,NULL,4,'k5kyqh',138,0,NULL),(585,'2025-02-27 15:10:21','여러 개 레이어드해서 착용해도 전혀 부담스럽지 않고 조화롭게 어울려요.  ',NULL,NULL,NULL,4,'krfdi2',148,0,NULL),(586,'2025-02-27 15:10:21','클래식하면서도 현대적인 감각이 돋보이는 디자인이라 소장 가치가 있어요.  ',NULL,NULL,NULL,5,'lo59feup0md',142,0,NULL),(587,'2025-02-27 15:10:21','특별한 스타일링 없이도 이 귀걸이 하나만으로도 충분히 포인트가 돼요.  ',NULL,NULL,NULL,3,'mrsh15561pw',120,0,NULL),(588,'2025-02-27 15:10:21','빛을 받을 때마다 은은하게 반짝여서 너무 과하지 않으면서도 고급스러워요.  ','3067.jpeg',NULL,NULL,5,'mu1ceroj32wz',150,0,NULL),(589,'2025-02-27 15:10:21','귀걸이 뒷부분이 단단하게 고정돼서 쉽게 빠지거나 잃어버릴 걱정이 없어요.  ',NULL,NULL,NULL,2,'my2o7xb954',129,0,NULL),(590,'2025-02-27 15:10:21','작지만 존재감이 있어서 얼굴이 더 작아 보이는 효과가 있는 것 같아요.  ',NULL,NULL,NULL,5,'nt20etl4p6mq',133,0,NULL),(591,'2025-02-27 15:10:21','어떤 룩에도 쉽게 매치할 수 있어서 매일 착용해도 질리지 않아요.  ',NULL,NULL,NULL,4,'pcjro43e',142,0,NULL),(592,'2025-02-27 15:10:21','디자인이 너무 세련돼서 한번 착용해 보면 자꾸 손이 가는 제품이에요.  ','3061.jpeg','3062.jpeg',NULL,3,'q46l3ietp8',133,0,NULL),(593,'2025-02-27 15:10:21','침 길이가 적당해서 귓볼이 두꺼운 편인 저에게도 잘 맞아요.  ',NULL,NULL,NULL,3,'qc8bweu',165,0,NULL),(594,'2025-02-27 15:10:21','선물용으로 구매했는데 포장부터 제품까지 고급스러워서 받는 사람이 좋아했어요.  ',NULL,NULL,NULL,3,'qmhx4m',138,0,NULL),(595,'2025-02-27 15:10:21','무광과 유광이 적절하게 조화되어 있어 빛에 따라 색다른 매력이 느껴져요.  ',NULL,NULL,NULL,5,'rig2a1jswr',137,0,NULL),(596,'2025-02-27 15:10:21','길이가 너무 길거나 짧지 않아서 다양한 스타일과 매치하기 좋은 제품이에요.  ',NULL,NULL,NULL,4,'sk8t54bmeg',135,0,NULL),(597,'2025-02-27 15:10:21','흔하지 않은 디자인이라 더욱 소장 가치가 느껴지는 귀걸이예요.  ','3067.jpeg',NULL,NULL,3,'test',145,0,NULL),(598,'2025-02-27 15:10:21','마감 처리가 깔끔해서 피부에 닿는 느낌이 부드럽고 편안해요.  ',NULL,NULL,NULL,4,'tlemkwqn',154,0,NULL),(599,'2025-02-27 15:10:21','디자인이 유행을 타지 않아서 오랫동안 착용해도 손색이 없는 제품이에요.',NULL,NULL,NULL,2,'v0uoli',148,0,NULL),(600,'2025-02-27 15:10:21','손으로 만졌을 때 마감 처리가 깔끔하게 되어 있어 퀄리티가 높다는 게 느껴져요.',NULL,NULL,NULL,5,'vfs6u3',167,0,NULL),(601,'2025-02-27 15:10:21','어두운 색상의 옷을 입을 때 착용하면 얼굴을 더 환하게 밝혀줘서 좋아요.',NULL,NULL,NULL,3,'xxw8gm',137,0,NULL),(602,'2025-02-27 15:10:21','여러 개 레이어드해서 착용해도 전혀 부담스럽지 않고 조화롭게 어울려요.',NULL,NULL,NULL,4,'y4ql31gfw',166,0,NULL),(804,'2025-02-27 15:29:42','디자인이 너무 예뻐요! 데일리로 착용하기 딱 좋아요.','4008.jpeg','4004.jpeg',NULL,3,'4onz5n',170,0,NULL),(805,'2025-02-27 15:29:42','생각보다 가벼워서 착용감이 좋아요. 은은한 광택이 마음에 듭니다.',NULL,NULL,NULL,4,'56w333311',172,0,NULL),(806,'2025-02-27 15:29:42','알러지가 걱정됐는데 하루 종일 착용해도 문제없어요.','4022.jpeg',NULL,NULL,4,'5e3adc',188,0,NULL),(807,'2025-02-27 15:29:42','손목이 얇아 보이는 효과가 있어서 만족스러워요.','4025.jpeg',NULL,NULL,2,'5w5cv6oc543',188,0,NULL),(808,'2025-02-27 15:29:42','포장도 고급스럽고 선물용으로도 딱이네요.',NULL,NULL,NULL,3,'5ypeven8',208,0,NULL),(809,'2025-02-27 15:29:42','길이 조절이 가능해서 누구나 착용하기 좋을 것 같아요.',NULL,NULL,NULL,5,'613olx6add5',188,0,NULL),(810,'2025-02-27 15:29:42','사진보다 실물이 훨씬 더 예뻐요! 반짝거리는 게 고급스러워요.','4029.jpeg','4025.jpeg',NULL,5,'69y8nwok',197,0,NULL),(811,'2025-02-27 15:29:42','캐주얼한 옷에도 정장에도 잘 어울려서 활용도가 높아요.',NULL,NULL,NULL,4,'6i7c0w7',176,0,NULL),(812,'2025-02-27 15:29:42','착용해보니 무게감이 적당해서 부담 없이 착용할 수 있어요.',NULL,NULL,NULL,5,'6noror',202,0,NULL),(813,'2025-02-27 15:29:42','디자인이 유행을 타지 않아서 오래 착용할 수 있을 것 같아요.','4007.jpeg','4124.jpeg',NULL,4,'736kfg',169,0,NULL),(814,'2025-02-27 15:29:42','손 씻을 때마다 빼야 하나 걱정했는데 방수도 괜찮네요.',NULL,NULL,NULL,5,'7sa59qnk75d',211,0,NULL),(815,'2025-02-27 15:29:42','다른 액세서리와 레이어드해도 예쁘게 잘 어울려요.','4124.jpeg',NULL,NULL,5,'7uqeg5429',183,0,NULL),(816,'2025-02-27 15:29:42','선물했는데 너무 좋아하더라고요! 포장도 세련됐어요.',NULL,NULL,NULL,4,'85g8jzo',209,0,NULL),(817,'2025-02-27 15:29:42','빛에 따라 색감이 달라 보이는 게 신비로운 느낌이에요.',NULL,NULL,NULL,4,'8hwbnabm',217,0,NULL),(818,'2025-02-27 15:29:42','손목이 예뻐 보이는 디자인이라 자꾸 거울을 보게 돼요.','4142.jpeg',NULL,NULL,5,'9t7v7ysbeb',187,0,NULL),(819,'2025-02-27 15:29:42','실제로 보면 훨씬 더 고급스러워서 만족도가 높아요.',NULL,NULL,NULL,5,'a85w18',206,0,NULL),(820,'2025-02-27 15:29:42','자석 클라스프라 착용하기 너무 편하고 좋아요.',NULL,NULL,NULL,3,'aewris5w913',180,0,NULL),(821,'2025-02-27 15:29:42','스크래치가 잘 안 나서 오랫동안 깔끔하게 착용할 수 있어요.',NULL,NULL,NULL,5,'bdb93suo',191,0,NULL),(822,'2025-02-27 15:29:43','팔찌 하나만 착용해도 포인트가 돼서 스타일링이 쉬워요.',NULL,NULL,NULL,5,'dab5c30uljiv',178,0,NULL),(823,'2025-02-27 15:29:43','손목을 딱 감싸주는 핏이라 착용감이 안정적이에요.','4008.jpeg','4004.jpeg',NULL,5,'erin5g9',214,0,NULL),(824,'2025-02-27 15:29:43','민감한 피부인데도 착용감이 편안하고 거슬리는 느낌이 없어요.',NULL,NULL,NULL,5,'f4dpyqt',213,0,NULL),(825,'2025-02-27 15:29:43','캐주얼한 느낌도 있고, 정장에도 잘 어울리는 디자인이에요.','4022.jpeg',NULL,NULL,3,'f7gvm9qrwyb6',184,0,NULL),(826,'2025-02-27 15:29:43','손목이 작아서 걱정했는데 사이즈 조절이 가능해서 다행이에요.','4025.jpeg',NULL,NULL,5,'fjoaljlq',216,0,NULL),(827,'2025-02-27 15:29:43','퀄리티가 생각보다 훨씬 좋아서 놀랐어요. 가격 대비 최고예요.',NULL,NULL,NULL,4,'gz4c4p',189,0,NULL),(828,'2025-02-27 15:29:43','은은하게 반짝이는 디자인이라 데일리로 착용하기 좋아요.',NULL,NULL,NULL,5,'imvfcbijmbee',195,0,NULL),(829,'2025-02-27 15:29:43','여성스럽고 우아한 분위기를 연출해 주는 디자인이에요.','4029.jpeg','4025.jpeg',NULL,4,'j0mxmt',216,0,NULL),(830,'2025-02-27 15:29:43','손목에 가볍게 감기는 느낌이 기분 좋고 편안해요.',NULL,NULL,NULL,5,'jy0yp9x',187,0,NULL),(831,'2025-02-27 15:29:43','다른 팔찌와 레이어드해서 착용해도 너무 예뻐요.',NULL,NULL,NULL,5,'k5kyqh',216,0,NULL),(832,'2025-02-27 15:29:43','색감이 고급스럽고 어디에나 잘 어울리는 디자인이에요.','4007.jpeg','4124.jpeg',NULL,4,'krfdi2',190,0,NULL),(833,'2025-02-27 15:29:43','선물용으로 구매했는데 포장이 너무 예쁘고 만족스러워요.',NULL,NULL,NULL,5,'lo59feup0md',170,0,NULL),(834,'2025-02-27 15:29:43','계절에 상관없이 착용할 수 있는 디자인이라 활용도가 높아요.','4124.jpeg',NULL,NULL,5,'mrsh15561pw',180,0,NULL),(835,'2025-02-27 15:29:43','매일 착용하고 다니는데도 변색 없이 깨끗해요.',NULL,NULL,NULL,3,'mu1ceroj32wz',184,0,NULL),(836,'2025-02-27 15:29:43','클래식한 디자인이라 유행 타지 않고 오랫동안 착용할 수 있을 것 같아요.',NULL,NULL,NULL,4,'my2o7xb954',218,0,NULL),(837,'2025-02-27 15:29:43','손목을 더 가늘어 보이게 해주는 디자인이라 마음에 들어요.','4142.jpeg',NULL,NULL,5,'nt20etl4p6mq',196,0,NULL),(838,'2025-02-27 15:29:43','부드럽게 감기는 착용감이 너무 좋아요.',NULL,NULL,NULL,5,'pcjro43e',207,0,NULL),(839,'2025-02-27 15:29:43','은은한 디자인이라 부담 없이 어디든 매치할 수 있어요.',NULL,NULL,NULL,5,'q46l3ietp8',211,0,NULL),(840,'2025-02-27 15:29:43','여러 개 겹쳐서 착용하면 더 스타일리시해 보여요.',NULL,NULL,NULL,4,'qc8bweu',207,0,NULL),(841,'2025-02-27 15:29:43','선물 받았는데 너무 예뻐서 직접 추가 구매했어요.','4008.jpeg','4004.jpeg',NULL,5,'qmhx4m',189,0,NULL),(842,'2025-02-27 15:29:43','착용할수록 매력이 느껴지는 디자인이에요.',NULL,NULL,NULL,5,'rig2a1jswr',190,0,NULL),(843,'2025-02-27 15:29:43','평소 심플한 스타일을 좋아하는데 딱 알맞은 디자인이에요.','4022.jpeg',NULL,NULL,5,'sk8t54bmeg',213,0,NULL),(844,'2025-02-27 15:29:43','오래 착용해도 불편함이 없고 가벼워서 좋아요.','4025.jpeg',NULL,NULL,5,'test',177,0,NULL),(845,'2025-02-27 15:29:43','스톤이 반짝여서 손목을 화사하게 만들어줘요.',NULL,NULL,NULL,3,'tlemkwqn',201,0,NULL),(846,'2025-02-27 15:29:43','의류 스타일에 따라 다양한 연출이 가능해서 만족스러워요.',NULL,NULL,NULL,4,'v0uoli',209,0,NULL),(847,'2025-02-27 15:29:43','단독으로 착용해도 세련된 느낌이 들어요.','4029.jpeg','4025.jpeg',NULL,5,'vfs6u3',181,0,NULL),(848,'2025-02-27 15:29:43','반짝임이 부담스럽지 않고 자연스러워서 마음에 들어요.',NULL,NULL,NULL,4,'xxw8gm',218,0,NULL),(849,'2025-02-27 15:29:43','가볍고 편안해서 자주 손이 가는 제품이에요.',NULL,NULL,NULL,5,'y4ql31gfw',186,0,NULL),(850,'2025-02-27 15:29:43','착용할 때 불편함이 전혀 없고 가볍게 감기는 느낌이 좋아요.','4007.jpeg','4124.jpeg',NULL,5,'zgo0j3',212,0,NULL),(851,'2025-02-27 15:29:43','빛을 받으면 은은하게 반짝이는 게 너무 예쁘네요.',NULL,NULL,NULL,5,'znkn5egs71vv',203,0,NULL),(852,'2025-02-27 15:29:43','어떤 옷이든 매치하기 쉬워서 손이 자주 가는 제품이에요.','4124.jpeg',NULL,NULL,4,'zsil1ebv7qqu',171,0,NULL),(853,'2025-02-27 15:29:43','매일 착용해도 질리지 않는 디자인이라 만족스럽습니다.',NULL,NULL,NULL,5,'1e5nwer89tlr',182,0,NULL),(854,'2025-02-27 15:29:43','디자인이 너무 예뻐요! 데일리로 착용하기 딱 좋아요.',NULL,NULL,NULL,5,'2kohbjpf',170,0,NULL),(855,'2025-02-27 15:29:43','생각보다 가벼워서 착용감이 좋아요. 은은한 광택이 마음에 듭니다.','4142.jpeg',NULL,NULL,5,'4duao8tl',172,0,NULL),(856,'2025-02-27 15:29:43','알러지가 걱정됐는데 하루 종일 착용해도 문제없어요.',NULL,NULL,NULL,4,'4onz5n',188,0,NULL),(857,'2025-02-27 15:29:43','손목이 얇아 보이는 효과가 있어서 만족스러워요.',NULL,NULL,NULL,5,'56w333311',188,0,NULL),(858,'2025-02-27 15:29:43','포장도 고급스럽고 선물용으로도 딱이네요.',NULL,NULL,NULL,5,'5e3adc',208,0,NULL),(859,'2025-02-27 15:29:43','길이 조절이 가능해서 누구나 착용하기 좋을 것 같아요.',NULL,NULL,NULL,2,'5w5cv6oc543',188,0,NULL),(860,'2025-02-27 15:29:43','사진보다 실물이 훨씬 더 예뻐요! 반짝거리는 게 고급스러워요.',NULL,NULL,NULL,2,'5ypeven8',197,0,NULL),(861,'2025-02-27 15:29:43','캐주얼한 옷에도 정장에도 잘 어울려서 활용도가 높아요.',NULL,NULL,NULL,5,'613olx6add5',176,0,NULL),(862,'2025-02-27 15:29:43','착용해보니 무게감이 적당해서 부담 없이 착용할 수 있어요.','4008.jpeg','4004.jpeg',NULL,4,'69y8nwok',202,0,NULL),(863,'2025-02-27 15:29:43','디자인이 유행을 타지 않아서 오래 착용할 수 있을 것 같아요.',NULL,NULL,NULL,5,'6i7c0w7',169,0,NULL),(864,'2025-02-27 15:29:43','손 씻을 때마다 빼야 하나 걱정했는데 방수도 괜찮네요.','4022.jpeg',NULL,NULL,1,'6noror',211,0,NULL),(865,'2025-02-27 15:29:43','다른 액세서리와 레이어드해도 예쁘게 잘 어울려요.','4025.jpeg',NULL,NULL,5,'736kfg',183,0,NULL),(866,'2025-02-27 15:29:43','선물했는데 너무 좋아하더라고요! 포장도 세련됐어요.',NULL,NULL,NULL,3,'7sa59qnk75d',209,0,NULL),(867,'2025-02-27 15:29:43','빛에 따라 색감이 달라 보이는 게 신비로운 느낌이에요.',NULL,NULL,NULL,4,'7uqeg5429',217,0,NULL),(868,'2025-02-27 15:29:43','손목이 예뻐 보이는 디자인이라 자꾸 거울을 보게 돼요.','4029.jpeg','4025.jpeg',NULL,4,'85g8jzo',187,0,NULL),(869,'2025-02-27 15:29:43','실제로 보면 훨씬 더 고급스러워서 만족도가 높아요.',NULL,NULL,NULL,4,'8hwbnabm',206,0,NULL),(870,'2025-02-27 15:29:43','자석 클라스프라 착용하기 너무 편하고 좋아요.',NULL,NULL,NULL,3,'9t7v7ysbeb',180,0,NULL),(871,'2025-02-27 15:29:43','스크래치가 잘 안 나서 오랫동안 깔끔하게 착용할 수 있어요.','4007.jpeg','4124.jpeg',NULL,4,'a85w18',191,0,NULL),(872,'2025-02-27 15:29:43','팔찌 하나만 착용해도 포인트가 돼서 스타일링이 쉬워요.',NULL,NULL,NULL,5,'aewris5w913',178,0,NULL),(873,'2025-02-27 15:29:43','손목을 딱 감싸주는 핏이라 착용감이 안정적이에요.','4124.jpeg',NULL,NULL,4,'bdb93suo',214,0,NULL),(874,'2025-02-27 15:29:43','민감한 피부인데도 착용감이 편안하고 거슬리는 느낌이 없어요.',NULL,NULL,NULL,5,'dab5c30uljiv',213,0,NULL),(875,'2025-02-27 15:29:43','캐주얼한 느낌도 있고, 정장에도 잘 어울리는 디자인이에요.',NULL,NULL,NULL,3,'erin5g9',184,0,NULL),(876,'2025-02-27 15:29:43','손목이 작아서 걱정했는데 사이즈 조절이 가능해서 다행이에요.','4142.jpeg',NULL,NULL,5,'f4dpyqt',216,0,NULL),(877,'2025-02-27 15:29:43','퀄리티가 생각보다 훨씬 좋아서 놀랐어요. 가격 대비 최고예요.',NULL,NULL,NULL,3,'f7gvm9qrwyb6',189,0,NULL),(878,'2025-02-27 15:29:43','은은하게 반짝이는 디자인이라 데일리로 착용하기 좋아요.',NULL,NULL,NULL,2,'fjoaljlq',195,0,NULL),(879,'2025-02-27 15:29:43','여성스럽고 우아한 분위기를 연출해 주는 디자인이에요.',NULL,NULL,NULL,4,'gz4c4p',216,0,NULL),(880,'2025-02-27 15:29:43','손목에 가볍게 감기는 느낌이 기분 좋고 편안해요.',NULL,NULL,NULL,4,'imvfcbijmbee',187,0,NULL),(881,'2025-02-27 15:29:43','다른 팔찌와 레이어드해서 착용해도 너무 예뻐요.',NULL,NULL,NULL,5,'j0mxmt',216,0,NULL),(882,'2025-02-27 15:29:43','색감이 고급스럽고 어디에나 잘 어울리는 디자인이에요.','4008.jpeg','4004.jpeg',NULL,5,'jy0yp9x',190,0,NULL),(883,'2025-02-27 15:29:43','선물용으로 구매했는데 포장이 너무 예쁘고 만족스러워요.',NULL,NULL,NULL,4,'k5kyqh',170,0,NULL),(884,'2025-02-27 15:29:43','계절에 상관없이 착용할 수 있는 디자인이라 활용도가 높아요.','4022.jpeg',NULL,NULL,4,'krfdi2',180,0,NULL),(885,'2025-02-27 15:29:43','매일 착용하고 다니는데도 변색 없이 깨끗해요.','4025.jpeg',NULL,NULL,4,'lo59feup0md',184,0,NULL),(886,'2025-02-27 15:29:43','클래식한 디자인이라 유행 타지 않고 오랫동안 착용할 수 있을 것 같아요.',NULL,NULL,NULL,5,'mrsh15561pw',218,0,NULL),(887,'2025-02-27 15:29:43','손목을 더 가늘어 보이게 해주는 디자인이라 마음에 들어요.',NULL,NULL,NULL,3,'mu1ceroj32wz',196,0,NULL),(888,'2025-02-27 15:29:43','부드럽게 감기는 착용감이 너무 좋아요.','4029.jpeg','4025.jpeg',NULL,5,'my2o7xb954',207,0,NULL),(889,'2025-02-27 15:29:43','은은한 디자인이라 부담 없이 어디든 매치할 수 있어요.',NULL,NULL,NULL,2,'nt20etl4p6mq',211,0,NULL),(890,'2025-02-27 15:29:43','여러 개 겹쳐서 착용하면 더 스타일리시해 보여요.',NULL,NULL,NULL,5,'pcjro43e',207,0,NULL),(891,'2025-02-27 15:29:43','선물 받았는데 너무 예뻐서 직접 추가 구매했어요.','4007.jpeg','4124.jpeg',NULL,4,'q46l3ietp8',189,0,NULL),(892,'2025-02-27 15:29:43','착용할수록 매력이 느껴지는 디자인이에요.',NULL,NULL,NULL,3,'qc8bweu',190,0,NULL),(893,'2025-02-27 15:29:43','평소 심플한 스타일을 좋아하는데 딱 알맞은 디자인이에요.','4124.jpeg',NULL,NULL,3,'qmhx4m',213,0,NULL),(894,'2025-02-27 15:29:43','오래 착용해도 불편함이 없고 가벼워서 좋아요.',NULL,NULL,NULL,3,'rig2a1jswr',177,0,NULL),(895,'2025-02-27 15:29:43','스톤이 반짝여서 손목을 화사하게 만들어줘요.',NULL,NULL,NULL,5,'sk8t54bmeg',201,0,NULL),(896,'2025-02-27 15:29:43','의류 스타일에 따라 다양한 연출이 가능해서 만족스러워요.','4142.jpeg',NULL,NULL,4,'test',209,0,NULL),(897,'2025-02-27 15:29:43','단독으로 착용해도 세련된 느낌이 들어요.',NULL,NULL,NULL,3,'tlemkwqn',181,0,NULL),(898,'2025-02-27 15:29:43','반짝임이 부담스럽지 않고 자연스러워서 마음에 들어요.',NULL,NULL,NULL,4,'v0uoli',218,0,NULL),(899,'2025-02-27 15:29:43','가볍고 편안해서 자주 손이 가는 제품이에요.',NULL,NULL,NULL,2,'vfs6u3',186,0,NULL),(900,'2025-02-27 15:29:43','착용할 때 불편함이 전혀 없고 가볍게 감기는 느낌이 좋아요.',NULL,NULL,NULL,5,'xxw8gm',212,0,NULL),(901,'2025-02-27 15:29:43','빛을 받으면 은은하게 반짝이는 게 너무 예쁘네요.',NULL,NULL,NULL,3,'y4ql31gfw',203,0,NULL),(902,'2025-02-27 15:29:43','어떤 옷이든 매치하기 쉬워서 손이 자주 가는 제품이에요.','4008.jpeg','4004.jpeg',NULL,4,'zgo0j3',171,0,NULL),(903,'2025-02-27 15:29:43','매일 착용해도 질리지 않는 디자인이라 만족스럽습니다.',NULL,NULL,NULL,5,'znkn5egs71vv',182,0,NULL),(904,'2025-02-27 15:29:43','디자인이 너무 예뻐요! 데일리로 착용하기 딱 좋아요.','4022.jpeg',NULL,NULL,3,'zsil1ebv7qqu',170,0,NULL),(905,'2025-02-27 15:29:43','생각보다 가벼워서 착용감이 좋아요. 은은한 광택이 마음에 듭니다.','4025.jpeg',NULL,NULL,5,'y4ql31gfw',172,0,NULL),(906,'2025-02-27 15:29:43','알러지가 걱정됐는데 하루 종일 착용해도 문제없어요.',NULL,NULL,NULL,5,'jy0yp9x',188,0,NULL),(907,'2025-02-27 15:29:43','손목이 얇아 보이는 효과가 있어서 만족스러워요.',NULL,NULL,NULL,4,'sk8t54bmeg',188,0,NULL),(908,'2025-02-27 15:29:43','포장도 고급스럽고 선물용으로도 딱이네요.','4029.jpeg','4025.jpeg',NULL,5,'sk8t54bmeg',208,0,NULL),(909,'2025-02-27 15:29:43','길이 조절이 가능해서 누구나 착용하기 좋을 것 같아요.',NULL,NULL,NULL,5,'mrsh15561pw',188,0,NULL),(910,'2025-02-27 15:29:43','사진보다 실물이 훨씬 더 예뻐요! 반짝거리는 게 고급스러워요.',NULL,NULL,NULL,2,'613olx6add5',197,0,NULL),(911,'2025-02-27 15:29:43','캐주얼한 옷에도 정장에도 잘 어울려서 활용도가 높아요.','4007.jpeg','4124.jpeg',NULL,2,'8hwbnabm',176,0,NULL),(912,'2025-02-27 15:29:43','착용해보니 무게감이 적당해서 부담 없이 착용할 수 있어요.',NULL,NULL,NULL,5,'f4dpyqt',202,0,NULL),(913,'2025-02-27 15:29:43','디자인이 유행을 타지 않아서 오래 착용할 수 있을 것 같아요.','4124.jpeg',NULL,NULL,4,'v0uoli',169,0,NULL),(914,'2025-02-27 15:29:43','손 씻을 때마다 빼야 하나 걱정했는데 방수도 괜찮네요.',NULL,NULL,NULL,5,'znkn5egs71vv',211,0,NULL),(915,'2025-02-27 15:29:43','다른 액세서리와 레이어드해도 예쁘게 잘 어울려요.',NULL,NULL,NULL,1,'xxw8gm',183,0,NULL),(916,'2025-02-27 15:29:43','선물했는데 너무 좋아하더라고요! 포장도 세련됐어요.','4142.jpeg',NULL,NULL,5,'nt20etl4p6mq',209,0,NULL),(917,'2025-02-27 15:29:43','빛에 따라 색감이 달라 보이는 게 신비로운 느낌이에요.',NULL,NULL,NULL,3,'qc8bweu',217,0,NULL),(918,'2025-02-27 15:29:43','손목이 예뻐 보이는 디자인이라 자꾸 거울을 보게 돼요.',NULL,NULL,NULL,4,'test',187,0,NULL),(919,'2025-02-27 15:29:43','실제로 보면 훨씬 더 고급스러워서 만족도가 높아요.',NULL,NULL,NULL,4,'lo59feup0md',206,0,NULL),(920,'2025-02-27 15:29:43','자석 클라스프라 착용하기 너무 편하고 좋아요.',NULL,NULL,NULL,4,'6noror',180,0,NULL),(921,'2025-02-27 15:29:43','스크래치가 잘 안 나서 오랫동안 깔끔하게 착용할 수 있어요.','4008.jpeg','4004.jpeg',NULL,3,'f7gvm9qrwyb6',191,0,NULL),(922,'2025-02-27 15:29:43','팔찌 하나만 착용해도 포인트가 돼서 스타일링이 쉬워요.',NULL,NULL,NULL,4,'5e3adc',178,0,NULL),(923,'2025-02-27 15:29:43','손목을 딱 감싸주는 핏이라 착용감이 안정적이에요.','4022.jpeg',NULL,NULL,5,'gz4c4p',214,0,NULL),(924,'2025-02-27 15:29:43','민감한 피부인데도 착용감이 편안하고 거슬리는 느낌이 없어요.','4025.jpeg',NULL,NULL,4,'7uqeg5429',213,0,NULL),(925,'2025-02-27 15:29:43','캐주얼한 느낌도 있고, 정장에도 잘 어울리는 디자인이에요.',NULL,NULL,NULL,5,'85g8jzo',184,0,NULL),(926,'2025-02-27 15:29:43','손목이 작아서 걱정했는데 사이즈 조절이 가능해서 다행이에요.',NULL,NULL,NULL,3,'56w333311',216,0,NULL),(927,'2025-02-27 15:29:43','퀄리티가 생각보다 훨씬 좋아서 놀랐어요. 가격 대비 최고예요.','4029.jpeg','4025.jpeg',NULL,5,'lo59feup0md',189,0,NULL),(928,'2025-02-27 15:29:43','은은하게 반짝이는 디자인이라 데일리로 착용하기 좋아요.',NULL,NULL,NULL,3,'6noror',195,0,NULL),(929,'2025-02-27 15:29:43','여성스럽고 우아한 분위기를 연출해 주는 디자인이에요.',NULL,NULL,NULL,2,'f7gvm9qrwyb6',216,0,NULL),(930,'2025-02-27 15:29:43','손목에 가볍게 감기는 느낌이 기분 좋고 편안해요.','4007.jpeg','4124.jpeg',NULL,4,'5e3adc',187,0,NULL),(931,'2025-02-27 15:29:43','다른 팔찌와 레이어드해서 착용해도 너무 예뻐요.',NULL,NULL,NULL,4,'gz4c4p',216,0,NULL),(932,'2025-02-27 15:29:43','색감이 고급스럽고 어디에나 잘 어울리는 디자인이에요.','4124.jpeg',NULL,NULL,5,'7uqeg5429',190,0,NULL),(933,'2025-02-27 15:29:43','선물용으로 구매했는데 포장이 너무 예쁘고 만족스러워요.',NULL,NULL,NULL,5,'85g8jzo',170,0,NULL),(934,'2025-02-27 15:29:43','계절에 상관없이 착용할 수 있는 디자인이라 활용도가 높아요.',NULL,NULL,NULL,4,'56w333311',180,0,NULL),(935,'2025-02-27 15:29:43','매일 착용하고 다니는데도 변색 없이 깨끗해요.','4142.jpeg',NULL,NULL,4,'qmhx4m',184,0,NULL),(936,'2025-02-27 15:29:43','클래식한 디자인이라 유행 타지 않고 오랫동안 착용할 수 있을 것 같아요.',NULL,NULL,NULL,4,'5ypeven8',218,0,NULL),(937,'2025-02-27 15:29:43','손목을 더 가늘어 보이게 해주는 디자인이라 마음에 들어요.',NULL,NULL,NULL,5,'69y8nwok',196,0,NULL),(938,'2025-02-27 15:29:43','부드럽게 감기는 착용감이 너무 좋아요.',NULL,NULL,NULL,3,'a85w18',207,0,NULL),(939,'2025-02-27 15:29:43','은은한 디자인이라 부담 없이 어디든 매치할 수 있어요.',NULL,NULL,NULL,5,'q46l3ietp8',211,0,NULL),(940,'2025-02-27 15:29:43','여러 개 겹쳐서 착용하면 더 스타일리시해 보여요.',NULL,NULL,NULL,2,'tlemkwqn',207,0,NULL),(941,'2025-02-27 15:29:43','선물 받았는데 너무 예뻐서 직접 추가 구매했어요.',NULL,NULL,NULL,5,'vfs6u3',189,0,NULL),(942,'2025-02-27 15:29:44','착용할수록 매력이 느껴지는 디자인이에요.',NULL,NULL,NULL,4,'qmhx4m',190,0,NULL),(943,'2025-02-27 15:29:44','평소 심플한 스타일을 좋아하는데 딱 알맞은 디자인이에요.',NULL,NULL,NULL,3,'5ypeven8',213,0,NULL),(944,'2025-02-27 15:29:44','오래 착용해도 불편함이 없고 가벼워서 좋아요.',NULL,NULL,NULL,3,'69y8nwok',177,0,NULL),(945,'2025-02-27 15:29:44','스톤이 반짝여서 손목을 화사하게 만들어줘요.',NULL,NULL,NULL,3,'a85w18',201,0,NULL),(946,'2025-02-27 15:29:44','의류 스타일에 따라 다양한 연출이 가능해서 만족스러워요.',NULL,NULL,NULL,5,'q46l3ietp8',209,0,NULL),(947,'2025-02-27 15:29:44','단독으로 착용해도 세련된 느낌이 들어요.','4008.jpeg','4004.jpeg',NULL,4,'tlemkwqn',181,0,NULL),(948,'2025-02-27 15:29:44','반짝임이 부담스럽지 않고 자연스러워서 마음에 들어요.',NULL,NULL,NULL,3,'vfs6u3',218,0,NULL),(949,'2025-02-27 15:29:44','가볍고 편안해서 자주 손이 가는 제품이에요.','4022.jpeg',NULL,NULL,4,'zgo0j3',186,0,NULL),(950,'2025-02-27 15:29:44','착용할 때 불편함이 전혀 없고 가볍게 감기는 느낌이 좋아요.','4025.jpeg',NULL,NULL,2,'znkn5egs71vv',212,0,NULL),(951,'2025-02-27 15:29:44','빛을 받으면 은은하게 반짝이는 게 너무 예쁘네요.',NULL,NULL,NULL,5,'zsil1ebv7qqu',203,0,NULL),(952,'2025-02-27 15:29:44','어떤 옷이든 매치하기 쉬워서 손이 자주 가는 제품이에요.',NULL,NULL,NULL,3,'1e5nwer89tlr',171,0,NULL),(953,'2025-02-27 15:29:44','매일 착용해도 질리지 않는 디자인이라 만족스럽습니다.','4029.jpeg','4025.jpeg',NULL,4,'2kohbjpf',182,0,NULL),(954,'2025-02-27 15:29:44','디자인이 너무 예뻐요! 데일리로 착용하기 딱 좋아요.',NULL,NULL,NULL,5,'4duao8tl',170,0,NULL),(955,'2025-02-27 15:29:44','생각보다 가벼워서 착용감이 좋아요. 은은한 광택이 마음에 듭니다.',NULL,NULL,NULL,5,'4onz5n',172,0,NULL),(956,'2025-02-27 15:29:44','알러지가 걱정됐는데 하루 종일 착용해도 문제없어요.','4007.jpeg','4124.jpeg',NULL,5,'56w333311',188,0,NULL),(957,'2025-02-27 15:29:44','손목이 얇아 보이는 효과가 있어서 만족스러워요.',NULL,NULL,NULL,4,'5e3adc',188,0,NULL),(958,'2025-02-27 15:29:44','포장도 고급스럽고 선물용으로도 딱이네요.','4124.jpeg',NULL,NULL,5,'5w5cv6oc543',208,0,NULL),(959,'2025-02-27 15:29:44','길이 조절이 가능해서 누구나 착용하기 좋을 것 같아요.',NULL,NULL,NULL,5,'5ypeven8',188,0,NULL),(960,'2025-02-27 15:29:44','사진보다 실물이 훨씬 더 예뻐요! 반짝거리는 게 고급스러워요.',NULL,NULL,NULL,2,'613olx6add5',197,0,NULL),(961,'2025-02-27 15:29:44','캐주얼한 옷에도 정장에도 잘 어울려서 활용도가 높아요.','4142.jpeg',NULL,NULL,2,'69y8nwok',176,0,NULL),(962,'2025-02-27 15:29:44','착용해보니 무게감이 적당해서 부담 없이 착용할 수 있어요.',NULL,NULL,NULL,5,'6i7c0w7',202,0,NULL),(963,'2025-02-27 15:29:44','디자인이 유행을 타지 않아서 오래 착용할 수 있을 것 같아요.',NULL,NULL,NULL,4,'6noror',169,0,NULL),(964,'2025-02-27 15:29:44','손 씻을 때마다 빼야 하나 걱정했는데 방수도 괜찮네요.',NULL,NULL,NULL,5,'736kfg',211,0,NULL),(965,'2025-02-27 15:29:44','다른 액세서리와 레이어드해도 예쁘게 잘 어울려요.',NULL,NULL,NULL,1,'7sa59qnk75d',183,0,NULL),(966,'2025-02-27 15:29:44','선물했는데 너무 좋아하더라고요! 포장도 세련됐어요.',NULL,NULL,NULL,5,'7uqeg5429',209,0,NULL),(967,'2025-02-27 15:29:44','빛에 따라 색감이 달라 보이는 게 신비로운 느낌이에요.',NULL,NULL,NULL,3,'85g8jzo',217,0,NULL),(968,'2025-02-27 15:29:44','손목이 예뻐 보이는 디자인이라 자꾸 거울을 보게 돼요.','4008.jpeg','4004.jpeg',NULL,4,'8hwbnabm',187,0,NULL),(969,'2025-02-27 15:29:44','실제로 보면 훨씬 더 고급스러워서 만족도가 높아요.',NULL,NULL,NULL,4,'9t7v7ysbeb',206,0,NULL),(970,'2025-02-27 15:29:44','자석 클라스프라 착용하기 너무 편하고 좋아요.','4022.jpeg',NULL,NULL,4,'a85w18',180,0,NULL),(971,'2025-02-27 15:29:44','스크래치가 잘 안 나서 오랫동안 깔끔하게 착용할 수 있어요.','4025.jpeg',NULL,NULL,3,'aewris5w913',191,0,NULL),(972,'2025-02-27 15:29:44','팔찌 하나만 착용해도 포인트가 돼서 스타일링이 쉬워요.',NULL,NULL,NULL,4,'bdb93suo',178,0,NULL),(973,'2025-02-27 15:29:44','손목을 딱 감싸주는 핏이라 착용감이 안정적이에요.',NULL,NULL,NULL,5,'dab5c30uljiv',214,0,NULL),(974,'2025-02-27 15:29:44','민감한 피부인데도 착용감이 편안하고 거슬리는 느낌이 없어요.','4029.jpeg','4025.jpeg',NULL,4,'erin5g9',213,0,NULL),(975,'2025-02-27 15:29:44','캐주얼한 느낌도 있고, 정장에도 잘 어울리는 디자인이에요.',NULL,NULL,NULL,5,'f4dpyqt',184,0,NULL),(976,'2025-02-27 15:29:44','손목이 작아서 걱정했는데 사이즈 조절이 가능해서 다행이에요.',NULL,NULL,NULL,3,'f7gvm9qrwyb6',216,0,NULL),(977,'2025-02-27 15:29:44','퀄리티가 생각보다 훨씬 좋아서 놀랐어요. 가격 대비 최고예요.','4007.jpeg','4124.jpeg',NULL,5,'fjoaljlq',189,0,NULL),(978,'2025-02-27 15:29:44','은은하게 반짝이는 디자인이라 데일리로 착용하기 좋아요.',NULL,NULL,NULL,3,'gz4c4p',195,0,NULL),(979,'2025-02-27 15:29:44','여성스럽고 우아한 분위기를 연출해 주는 디자인이에요.','4124.jpeg',NULL,NULL,2,'imvfcbijmbee',216,0,NULL),(980,'2025-02-27 15:29:44','손목에 가볍게 감기는 느낌이 기분 좋고 편안해요.',NULL,NULL,NULL,4,'j0mxmt',187,0,NULL),(981,'2025-02-27 15:29:44','다른 팔찌와 레이어드해서 착용해도 너무 예뻐요.',NULL,NULL,NULL,4,'jy0yp9x',216,0,NULL),(982,'2025-02-27 15:29:44','색감이 고급스럽고 어디에나 잘 어울리는 디자인이에요.','4142.jpeg',NULL,NULL,5,'k5kyqh',190,0,NULL),(983,'2025-02-27 15:29:44','선물용으로 구매했는데 포장이 너무 예쁘고 만족스러워요.',NULL,NULL,NULL,5,'krfdi2',170,0,NULL),(984,'2025-02-27 15:29:44','계절에 상관없이 착용할 수 있는 디자인이라 활용도가 높아요.',NULL,NULL,NULL,4,'lo59feup0md',180,0,NULL),(985,'2025-02-27 15:29:44','매일 착용하고 다니는데도 변색 없이 깨끗해요.',NULL,NULL,NULL,4,'mrsh15561pw',184,0,NULL),(986,'2025-02-27 15:29:44','클래식한 디자인이라 유행 타지 않고 오랫동안 착용할 수 있을 것 같아요.',NULL,NULL,NULL,4,'mu1ceroj32wz',218,0,NULL),(987,'2025-02-27 15:29:44','손목을 더 가늘어 보이게 해주는 디자인이라 마음에 들어요.',NULL,NULL,NULL,5,'my2o7xb954',196,0,NULL),(988,'2025-02-27 15:29:44','부드럽게 감기는 착용감이 너무 좋아요.',NULL,NULL,NULL,3,'nt20etl4p6mq',207,0,NULL),(989,'2025-02-27 15:29:44','은은한 디자인이라 부담 없이 어디든 매치할 수 있어요.','4008.jpeg','4004.jpeg',NULL,5,'pcjro43e',211,0,NULL),(990,'2025-02-27 15:29:44','여러 개 겹쳐서 착용하면 더 스타일리시해 보여요.',NULL,NULL,NULL,2,'q46l3ietp8',207,0,NULL),(991,'2025-02-27 15:29:44','선물 받았는데 너무 예뻐서 직접 추가 구매했어요.','4022.jpeg',NULL,NULL,5,'qc8bweu',189,0,NULL),(992,'2025-02-27 15:29:44','착용할수록 매력이 느껴지는 디자인이에요.','4025.jpeg',NULL,NULL,4,'qmhx4m',190,0,NULL),(993,'2025-02-27 15:29:44','평소 심플한 스타일을 좋아하는데 딱 알맞은 디자인이에요.',NULL,NULL,NULL,3,'rig2a1jswr',213,0,NULL),(994,'2025-02-27 15:29:44','오래 착용해도 불편함이 없고 가벼워서 좋아요.',NULL,NULL,NULL,3,'sk8t54bmeg',177,0,NULL),(995,'2025-02-27 15:29:44','스톤이 반짝여서 손목을 화사하게 만들어줘요.','4029.jpeg','4025.jpeg',NULL,3,'test',201,0,NULL),(996,'2025-02-27 15:29:44','의류 스타일에 따라 다양한 연출이 가능해서 만족스러워요.',NULL,NULL,NULL,5,'tlemkwqn',209,0,NULL),(997,'2025-02-27 15:29:44','단독으로 착용해도 세련된 느낌이 들어요.',NULL,NULL,NULL,4,'v0uoli',181,0,NULL),(998,'2025-02-27 15:29:44','반짝임이 부담스럽지 않고 자연스러워서 마음에 들어요.','4007.jpeg','4124.jpeg',NULL,3,'vfs6u3',218,0,NULL),(999,'2025-02-27 15:29:44','가볍고 편안해서 자주 손이 가는 제품이에요.',NULL,NULL,NULL,4,'xxw8gm',186,0,NULL),(1000,'2025-02-27 15:29:44','착용할 때 불편함이 전혀 없고 가볍게 감기는 느낌이 좋아요.','4124.jpeg',NULL,NULL,2,'y4ql31gfw',212,0,NULL),(1001,'2025-02-27 15:29:44','빛을 받으면 은은하게 반짝이는 게 너무 예쁘네요.',NULL,NULL,NULL,5,'zgo0j3',203,0,NULL),(1002,'2025-02-27 15:29:44','어떤 옷이든 매치하기 쉬워서 손이 자주 가는 제품이에요.',NULL,NULL,NULL,3,'znkn5egs71vv',171,0,NULL),(1003,'2025-02-27 15:29:44','매일 착용해도 질리지 않는 디자인이라 만족스럽습니다.','4142.jpeg',NULL,NULL,4,'zsil1ebv7qqu',182,0,NULL),(1004,'2025-03-03 17:48:14','어떤 옷이든 매치하기 쉬워서 손이 자주 가는 제품이에요.',NULL,NULL,NULL,5,'scott',19,11,NULL),(1005,'2025-03-03 17:51:41','선물 받았는데 너무 만족해요! 친구들도 예쁘다고 난리네요.',NULL,NULL,NULL,5,'3934694206',218,12,NULL);
/*!40000 ALTER TABLE `review` ENABLE KEYS */;
UNLOCK TABLES;
/*!40103 SET TIME_ZONE=@OLD_TIME_ZONE */;

/*!40101 SET SQL_MODE=@OLD_SQL_MODE */;
/*!40014 SET FOREIGN_KEY_CHECKS=@OLD_FOREIGN_KEY_CHECKS */;
/*!40014 SET UNIQUE_CHECKS=@OLD_UNIQUE_CHECKS */;
/*!40101 SET CHARACTER_SET_CLIENT=@OLD_CHARACTER_SET_CLIENT */;
/*!40101 SET CHARACTER_SET_RESULTS=@OLD_CHARACTER_SET_RESULTS */;
/*!40101 SET COLLATION_CONNECTION=@OLD_COLLATION_CONNECTION */;
/*!40111 SET SQL_NOTES=@OLD_SQL_NOTES */;

-- Dump completed on 2025-03-03 17:55:45
